"STATION","NAME","DATE","PRCP","TAVG","TMAX","TMIN"
"USW00094818","RACINE BATTEN AIRPORT, WI US","2018-01-01","0.00",,"3","-8"
"USW00094818","RACINE BATTEN AIRPORT, WI US","2018-01-02","0.00",,"13","-5"
"USW00094818","RACINE BATTEN AIRPORT, WI US","2018-01-03","0.00",,"16","4"
"USW00094818","RACINE BATTEN AIRPORT, WI US","2018-01-04","0.00",,"12","-2"
"USW00094818","RACINE BATTEN AIRPORT, WI US","2018-01-05","0.00",,"11","-3"
"USW00094818","RACINE BATTEN AIRPORT, WI US","2018-01-06","0.00",,"14","-4"
"USW00094818","RACINE BATTEN AIRPORT, WI US","2018-01-07","0.02",,"33","11"
"USW00094818","RACINE BATTEN AIRPORT, WI US","2018-01-08","0.00",,"42","29"
"USW00094818","RACINE BATTEN AIRPORT, WI US","2018-01-09","0.00",,"38","26"
"USW00094818","RACINE BATTEN AIRPORT, WI US","2018-01-10","0.00",,"54","32"
"USW00094818","RACINE BATTEN AIRPORT, WI US","2018-01-11","0.14",,"58","22"
"USW00094818","RACINE BATTEN AIRPORT, WI US","2018-01-12","0.00",,"24","11"
"USW00094818","RACINE BATTEN AIRPORT, WI US","2018-01-13","0.00",,"14","3"
"USW00094818","RACINE BATTEN AIRPORT, WI US","2018-01-14","0.01",,"20","-2"
"USW00094818","RACINE BATTEN AIRPORT, WI US","2018-01-15","0.05",,"25","18"
"USW00094818","RACINE BATTEN AIRPORT, WI US","2018-01-16","0.05",,"24","10"
"USW00094818","RACINE BATTEN AIRPORT, WI US","2018-01-17","0.00",,"23","4"
"USW00094818","RACINE BATTEN AIRPORT, WI US","2018-01-18","0.00",,"31","19"
"USW00094818","RACINE BATTEN AIRPORT, WI US","2018-01-19","0.00",,"43","28"
"USW00094818","RACINE BATTEN AIRPORT, WI US","2018-01-20","0.00",,"48","32"
"USW00094818","RACINE BATTEN AIRPORT, WI US","2018-01-21","0.01",,"38","34"
"USW00094818","RACINE BATTEN AIRPORT, WI US","2018-01-22","0.90",,"45","35"
"USW00094818","RACINE BATTEN AIRPORT, WI US","2018-01-23","0.17",,"36","27"
"USW00094818","RACINE BATTEN AIRPORT, WI US","2018-01-24","0.00",,"27","24"
"USW00094818","RACINE BATTEN AIRPORT, WI US","2018-01-25","0.00",,"36","23"
"USW00094818","RACINE BATTEN AIRPORT, WI US","2018-01-26","0.00",,"51","29"
"USW00094818","RACINE BATTEN AIRPORT, WI US","2018-01-27","0.00",,"48","36"
"USW00094818","RACINE BATTEN AIRPORT, WI US","2018-01-28","0.00",,"37","24"
"USW00094818","RACINE BATTEN AIRPORT, WI US","2018-01-29","0.00",,"27","14"
"USW00094818","RACINE BATTEN AIRPORT, WI US","2018-01-30","0.00",,"31","10"
"USW00094818","RACINE BATTEN AIRPORT, WI US","2018-01-31","0.00",,"41","30"
"USW00094818","RACINE BATTEN AIRPORT, WI US","2018-02-01","0.00",,"34","5"
"USW00094818","RACINE BATTEN AIRPORT, WI US","2018-02-02","0.00",,"20","2"
"USW00094818","RACINE BATTEN AIRPORT, WI US","2018-02-03","0.06",,"38","20"
"USW00094818","RACINE BATTEN AIRPORT, WI US","2018-02-04","0.04",,"32","1"
"USW00094818","RACINE BATTEN AIRPORT, WI US","2018-02-05","0.00",,"12","-6"
"USW00094818","RACINE BATTEN AIRPORT, WI US","2018-02-06","0.00",,"17","0"
"USW00094818","RACINE BATTEN AIRPORT, WI US","2018-02-07","0.03",,"18","3"
"USW00094818","RACINE BATTEN AIRPORT, WI US","2018-02-08","0.04",,"19","4"
"USW00094818","RACINE BATTEN AIRPORT, WI US","2018-02-09","0.13",,"25","13"
"USW00094818","RACINE BATTEN AIRPORT, WI US","2018-02-10","0.02",,"20","12"
"USW00094818","RACINE BATTEN AIRPORT, WI US","2018-02-11","0.18",,"22","11"
"USW00094818","RACINE BATTEN AIRPORT, WI US","2018-02-12","0.00",,"22","6"
"USW00094818","RACINE BATTEN AIRPORT, WI US","2018-02-13","0.00",,"30","3"
"USW00094818","RACINE BATTEN AIRPORT, WI US","2018-02-14","0.00",,"44","20"
"USW00094818","RACINE BATTEN AIRPORT, WI US","2018-02-15","0.00",,"47","33"
"USW00094818","RACINE BATTEN AIRPORT, WI US","2018-02-16","0.00",,"34","17"
"USW00094818","RACINE BATTEN AIRPORT, WI US","2018-02-17","0.00",,"34","16"
"USW00094818","RACINE BATTEN AIRPORT, WI US","2018-02-18","0.00",,"36","19"
"USW00094818","RACINE BATTEN AIRPORT, WI US","2018-02-19","0.33",,"41","35"
"USW00094818","RACINE BATTEN AIRPORT, WI US","2018-02-20","0.81",,"53","31"
"USW00094818","RACINE BATTEN AIRPORT, WI US","2018-02-21","0.00",,"31","24"
"USW00094818","RACINE BATTEN AIRPORT, WI US","2018-02-22","0.00",,"37","27"
"USW00094818","RACINE BATTEN AIRPORT, WI US","2018-02-23","0.08",,"42","30"
"USW00094818","RACINE BATTEN AIRPORT, WI US","2018-02-24","0.04",,"38","29"
"USW00094818","RACINE BATTEN AIRPORT, WI US","2018-02-25","0.08",,"43","32"
"USW00094818","RACINE BATTEN AIRPORT, WI US","2018-02-26","0.00",,"53","28"
"USW00094818","RACINE BATTEN AIRPORT, WI US","2018-02-27","0.00",,"60","39"
"USW00094818","RACINE BATTEN AIRPORT, WI US","2018-02-28","0.00",,"49","35"
"USW00094818","RACINE BATTEN AIRPORT, WI US","2018-03-01","0.00",,"41","31"
"USW00094818","RACINE BATTEN AIRPORT, WI US","2018-03-02","0.00",,"47","26"
"USW00094818","RACINE BATTEN AIRPORT, WI US","2018-03-03","0.00",,"39","28"
"USW00094818","RACINE BATTEN AIRPORT, WI US","2018-03-04","0.00",,"41","32"
"USW00094818","RACINE BATTEN AIRPORT, WI US","2018-03-05","0.07",,"37","31"
"USW00094818","RACINE BATTEN AIRPORT, WI US","2018-03-06","0.05",,"35","28"
"USW00094818","RACINE BATTEN AIRPORT, WI US","2018-03-07","0.00",,"31","22"
"USW00094818","RACINE BATTEN AIRPORT, WI US","2018-03-08","0.00",,"32","20"
"USW00094818","RACINE BATTEN AIRPORT, WI US","2018-03-09","0.00",,"37","21"
"USW00094818","RACINE BATTEN AIRPORT, WI US","2018-03-10","0.00",,"39","18"
"USW00094818","RACINE BATTEN AIRPORT, WI US","2018-03-11","0.00",,"39","22"
"USW00094818","RACINE BATTEN AIRPORT, WI US","2018-03-12","0.00",,"44","29"
"USW00094818","RACINE BATTEN AIRPORT, WI US","2018-03-13","0.02",,"34","21"
"USW00094818","RACINE BATTEN AIRPORT, WI US","2018-03-14","0.00",,"48","20"
"USW00094818","RACINE BATTEN AIRPORT, WI US","2018-03-15","0.00",,"41","25"
"USW00094818","RACINE BATTEN AIRPORT, WI US","2018-03-16","0.00",,"35","24"
"USW00094818","RACINE BATTEN AIRPORT, WI US","2018-03-17","0.00",,"43","23"
"USW00094818","RACINE BATTEN AIRPORT, WI US","2018-03-18","0.00",,"57","28"
"USW00094818","RACINE BATTEN AIRPORT, WI US","2018-03-19","0.00",,"42","32"
"USW00094818","RACINE BATTEN AIRPORT, WI US","2018-03-20","0.00",,"34","27"
"USW00094818","RACINE BATTEN AIRPORT, WI US","2018-03-21","0.00",,"37","26"
"USW00094818","RACINE BATTEN AIRPORT, WI US","2018-03-22","0.00",,"42","23"
"USW00094818","RACINE BATTEN AIRPORT, WI US","2018-03-23","0.00",,"40","20"
"USW00094818","RACINE BATTEN AIRPORT, WI US","2018-03-24","0.00",,"39","30"
"USW00094818","RACINE BATTEN AIRPORT, WI US","2018-03-25","0.00",,"38","27"
"USW00094818","RACINE BATTEN AIRPORT, WI US","2018-03-26","0.13",,"45","32"
"USW00094818","RACINE BATTEN AIRPORT, WI US","2018-03-27","0.09",,"48","32"
"USW00094818","RACINE BATTEN AIRPORT, WI US","2018-03-28","0.00",,"48","29"
"USW00094818","RACINE BATTEN AIRPORT, WI US","2018-03-29","0.01",,"48","33"
"USW00094818","RACINE BATTEN AIRPORT, WI US","2018-03-30","0.00",,"41","30"
"USW00094818","RACINE BATTEN AIRPORT, WI US","2018-03-31","0.05",,"53","29"
"USW00094818","RACINE BATTEN AIRPORT, WI US","2018-04-01","0.00",,"36","21"
"USW00094818","RACINE BATTEN AIRPORT, WI US","2018-04-02","0.00",,"38","21"
"USW00094818","RACINE BATTEN AIRPORT, WI US","2018-04-03","0.20",,"38","30"
"USW00094818","RACINE BATTEN AIRPORT, WI US","2018-04-04","0.00",,"34","24"
"USW00094818","RACINE BATTEN AIRPORT, WI US","2018-04-05","0.00",,"42","20"
"USW00094818","RACINE BATTEN AIRPORT, WI US","2018-04-06","0.00",,"36","23"
"USW00094818","RACINE BATTEN AIRPORT, WI US","2018-04-07","0.00",,"36","18"
"USW00094818","RACINE BATTEN AIRPORT, WI US","2018-04-08","0.00",,"38","20"
"USW00094818","RACINE BATTEN AIRPORT, WI US","2018-04-09","0.03",,"38","29"
"USW00094818","RACINE BATTEN AIRPORT, WI US","2018-04-10","0.00",,"46","27"
"USW00094818","RACINE BATTEN AIRPORT, WI US","2018-04-11","0.25",,"58","38"
"USW00094818","RACINE BATTEN AIRPORT, WI US","2018-04-12","0.05",,"67","38"
"USW00094818","RACINE BATTEN AIRPORT, WI US","2018-04-13","0.12",,"44","37"
"USW00094818","RACINE BATTEN AIRPORT, WI US","2018-04-14","0.61",,"37","31"
"USW00094818","RACINE BATTEN AIRPORT, WI US","2018-04-15","0.28",,"33","28"
"USW00094818","RACINE BATTEN AIRPORT, WI US","2018-04-16","0.05",,"34","26"
"USW00094818","RACINE BATTEN AIRPORT, WI US","2018-04-17","0.00",,"38","27"
"USW00094818","RACINE BATTEN AIRPORT, WI US","2018-04-18","0.23",,"36","30"
"USW00094818","RACINE BATTEN AIRPORT, WI US","2018-04-19","0.00",,"49","31"
"USW00094818","RACINE BATTEN AIRPORT, WI US","2018-04-20","0.00",,"53","29"
"USW00094818","RACINE BATTEN AIRPORT, WI US","2018-04-21","0.00",,"54","30"
"USW00094818","RACINE BATTEN AIRPORT, WI US","2018-04-22","0.00",,"56","33"
"USW00094818","RACINE BATTEN AIRPORT, WI US","2018-04-23","0.00",,"58","35"
"USW00094818","RACINE BATTEN AIRPORT, WI US","2018-04-24","0.00",,"61","41"
"USW00094818","RACINE BATTEN AIRPORT, WI US","2018-04-25","0.00",,"48","31"
"USW00094818","RACINE BATTEN AIRPORT, WI US","2018-04-26","0.00",,"58","31"
"USW00094818","RACINE BATTEN AIRPORT, WI US","2018-04-27","0.39",,"52","37"
"USW00094818","RACINE BATTEN AIRPORT, WI US","2018-04-28","0.00",,"47","31"
"USW00094818","RACINE BATTEN AIRPORT, WI US","2018-04-29","0.00",,"49","26"
"USW00094818","RACINE BATTEN AIRPORT, WI US","2018-04-30","0.00",,"70","35"
"USW00094818","RACINE BATTEN AIRPORT, WI US","2018-05-01","0.00",,"84","59"
"USW00094818","RACINE BATTEN AIRPORT, WI US","2018-05-02","0.56",,"87","62"
"USW00094818","RACINE BATTEN AIRPORT, WI US","2018-05-03","0.43",,"63","43"
"USW00094818","RACINE BATTEN AIRPORT, WI US","2018-05-04","0.00",,"74","49"
"USW00094818","RACINE BATTEN AIRPORT, WI US","2018-05-05","0.00",,"81","47"
"USW00094818","RACINE BATTEN AIRPORT, WI US","2018-05-06","0.00",,"61","45"
"USW00094818","RACINE BATTEN AIRPORT, WI US","2018-05-07","0.00",,"65","44"
"USW00094818","RACINE BATTEN AIRPORT, WI US","2018-05-08","0.00",,"81","55"
"USW00094818","RACINE BATTEN AIRPORT, WI US","2018-05-09","0.29",,"77","49"
"USW00094818","RACINE BATTEN AIRPORT, WI US","2018-05-10","0.00",,"66","43"
"USW00094818","RACINE BATTEN AIRPORT, WI US","2018-05-11","0.94",,"44","38"
"USW00094818","RACINE BATTEN AIRPORT, WI US","2018-05-12","0.80",,"47","40"
"USW00094818","RACINE BATTEN AIRPORT, WI US","2018-05-13","0.11",,"61","42"
"USW00094818","RACINE BATTEN AIRPORT, WI US","2018-05-14","2.15",,"76","52"
"USW00094818","RACINE BATTEN AIRPORT, WI US","2018-05-15","0.00",,"68","47"
"USW00094818","RACINE BATTEN AIRPORT, WI US","2018-05-16","0.00",,"77","41"
"USW00094818","RACINE BATTEN AIRPORT, WI US","2018-05-17","0.00",,"62","47"
"USW00094818","RACINE BATTEN AIRPORT, WI US","2018-05-18","0.16",,"59","44"
"USW00094818","RACINE BATTEN AIRPORT, WI US","2018-05-19","0.05",,"65","46"
"USW00094818","RACINE BATTEN AIRPORT, WI US","2018-05-20","0.30",,"48","42"
"USW00094818","RACINE BATTEN AIRPORT, WI US","2018-05-21","0.92",,"53","44"
"USW00094818","RACINE BATTEN AIRPORT, WI US","2018-05-22","0.00",,"62","47"
"USW00094818","RACINE BATTEN AIRPORT, WI US","2018-05-23","0.00",,"73","47"
"USW00094818","RACINE BATTEN AIRPORT, WI US","2018-05-24","0.00",,"77","52"
"USW00094818","RACINE BATTEN AIRPORT, WI US","2018-05-25","0.00",,"88","64"
"USW00094818","RACINE BATTEN AIRPORT, WI US","2018-05-26","0.00",,"85","65"
"USW00094818","RACINE BATTEN AIRPORT, WI US","2018-05-27","0.00",,"91","65"
"USW00094818","RACINE BATTEN AIRPORT, WI US","2018-05-28","0.00",,"88","61"
"USW00094818","RACINE BATTEN AIRPORT, WI US","2018-05-29","0.00",,"73","59"
"USW00094818","RACINE BATTEN AIRPORT, WI US","2018-05-30","0.27",,"78","61"
"USW00094818","RACINE BATTEN AIRPORT, WI US","2018-05-31","0.00",,"87","67"
"USW00094818","RACINE BATTEN AIRPORT, WI US","2018-06-01","0.00",,"69","48"
"USW00094818","RACINE BATTEN AIRPORT, WI US","2018-06-02","0.17",,"63","47"
"USW00094818","RACINE BATTEN AIRPORT, WI US","2018-06-03","0.10",,"72","52"
"USW00094818","RACINE BATTEN AIRPORT, WI US","2018-06-04","0.00",,"80","52"
"USW00094818","RACINE BATTEN AIRPORT, WI US","2018-06-05","0.00",,"68","48"
"USW00094818","RACINE BATTEN AIRPORT, WI US","2018-06-06","0.00",,"67","45"
"USW00094818","RACINE BATTEN AIRPORT, WI US","2018-06-07","0.00",,"77","52"
"USW00094818","RACINE BATTEN AIRPORT, WI US","2018-06-08","0.06",,"68","53"
"USW00094818","RACINE BATTEN AIRPORT, WI US","2018-06-09","0.02",,"63","54"
"USW00094818","RACINE BATTEN AIRPORT, WI US","2018-06-10","0.57",,"61","54"
"USW00094818","RACINE BATTEN AIRPORT, WI US","2018-06-11","0.00",,"68","56"
"USW00094818","RACINE BATTEN AIRPORT, WI US","2018-06-12","0.01",,"73","58"
"USW00094818","RACINE BATTEN AIRPORT, WI US","2018-06-13","0.00",,"80","58"
"USW00094818","RACINE BATTEN AIRPORT, WI US","2018-06-14","0.00",,"78","58"
"USW00094818","RACINE BATTEN AIRPORT, WI US","2018-06-15","0.68",,"78","55"
"USW00094818","RACINE BATTEN AIRPORT, WI US","2018-06-16","0.18",,"80","63"
"USW00094818","RACINE BATTEN AIRPORT, WI US","2018-06-17","0.00",,"91","70"
"USW00094818","RACINE BATTEN AIRPORT, WI US","2018-06-18","1.70",,"92","60"
"USW00094818","RACINE BATTEN AIRPORT, WI US","2018-06-19","0.99",,"63","57"
"USW00094818","RACINE BATTEN AIRPORT, WI US","2018-06-20","0.01",,"70","60"
"USW00094818","RACINE BATTEN AIRPORT, WI US","2018-06-21","0.10",,"67","56"
"USW00094818","RACINE BATTEN AIRPORT, WI US","2018-06-22","0.10",,"63","56"
"USW00094818","RACINE BATTEN AIRPORT, WI US","2018-06-23","0.00",,"76","55"
"USW00094818","RACINE BATTEN AIRPORT, WI US","2018-06-24","0.00",,"72","58"
"USW00094818","RACINE BATTEN AIRPORT, WI US","2018-06-25","0.00",,"72","56"
"USW00094818","RACINE BATTEN AIRPORT, WI US","2018-06-26","1.18",,"71","62"
"USW00094818","RACINE BATTEN AIRPORT, WI US","2018-06-27","0.01",,"74","62"
"USW00094818","RACINE BATTEN AIRPORT, WI US","2018-06-28","0.00",,"81","62"
"USW00094818","RACINE BATTEN AIRPORT, WI US","2018-06-29","0.00",,"93","65"
"USW00094818","RACINE BATTEN AIRPORT, WI US","2018-06-30","0.00",,"91","79"
"USW00094818","RACINE BATTEN AIRPORT, WI US","2018-07-01","0.22",,"92","72"
"USW00094818","RACINE BATTEN AIRPORT, WI US","2018-07-02","0.00",,"80","61"
"USW00094818","RACINE BATTEN AIRPORT, WI US","2018-07-03","0.00",,"84","58"
"USW00094818","RACINE BATTEN AIRPORT, WI US","2018-07-04","0.00",,"88","69"
"USW00094818","RACINE BATTEN AIRPORT, WI US","2018-07-05","0.00",,"89","70"
"USW00094818","RACINE BATTEN AIRPORT, WI US","2018-07-06","0.00",,"73","57"
"USW00094818","RACINE BATTEN AIRPORT, WI US","2018-07-07","0.00",,"79","54"
"USW00094818","RACINE BATTEN AIRPORT, WI US","2018-07-08","0.00",,"81","58"
"USW00094818","RACINE BATTEN AIRPORT, WI US","2018-07-09","0.00",,"90","63"
"USW00094818","RACINE BATTEN AIRPORT, WI US","2018-07-10","0.00",,"84","64"
"USW00094818","RACINE BATTEN AIRPORT, WI US","2018-07-11","0.00",,"79","65"
"USW00094818","RACINE BATTEN AIRPORT, WI US","2018-07-12","0.00",,"87","64"
"USW00094818","RACINE BATTEN AIRPORT, WI US","2018-07-13","0.00",,"88","71"
"USW00094818","RACINE BATTEN AIRPORT, WI US","2018-07-14","0.08",,"81","71"
"USW00094818","RACINE BATTEN AIRPORT, WI US","2018-07-15","0.00",,"84","68"
"USW00094818","RACINE BATTEN AIRPORT, WI US","2018-07-16","0.00",,"89","69"
"USW00094818","RACINE BATTEN AIRPORT, WI US","2018-07-17","0.00",,"79","60"
"USW00094818","RACINE BATTEN AIRPORT, WI US","2018-07-18","0.00",,"75","59"
"USW00094818","RACINE BATTEN AIRPORT, WI US","2018-07-19","0.01",,"81","58"
"USW00094818","RACINE BATTEN AIRPORT, WI US","2018-07-20","2.70",,"78","67"
"USW00094818","RACINE BATTEN AIRPORT, WI US","2018-07-21","0.30",,"74","65"
"USW00094818","RACINE BATTEN AIRPORT, WI US","2018-07-22","0.08",,"72","66"
"USW00094818","RACINE BATTEN AIRPORT, WI US","2018-07-23","0.00",,"76","63"
"USW00094818","RACINE BATTEN AIRPORT, WI US","2018-07-24","0.00",,"80","63"
"USW00094818","RACINE BATTEN AIRPORT, WI US","2018-07-25","0.00",,"86","65"
"USW00094818","RACINE BATTEN AIRPORT, WI US","2018-07-26","0.00",,"77","62"
"USW00094818","RACINE BATTEN AIRPORT, WI US","2018-07-27","0.00",,"75","59"
"USW00094818","RACINE BATTEN AIRPORT, WI US","2018-07-28","0.00",,"78","57"
"USW00094818","RACINE BATTEN AIRPORT, WI US","2018-07-29","0.00",,"80","61"
"USW00094818","RACINE BATTEN AIRPORT, WI US","2018-07-30","0.00",,"79","58"
"USW00094818","RACINE BATTEN AIRPORT, WI US","2018-07-31","0.00",,"77","62"
"USW00094818","RACINE BATTEN AIRPORT, WI US","2018-08-01","0.09",,"85","63"
"USW00094818","RACINE BATTEN AIRPORT, WI US","2018-08-02","0.00",,"80","65"
"USW00094818","RACINE BATTEN AIRPORT, WI US","2018-08-03","0.00",,"77","65"
"USW00094818","RACINE BATTEN AIRPORT, WI US","2018-08-04","0.00",,"92","70"
"USW00094818","RACINE BATTEN AIRPORT, WI US","2018-08-05","0.02",,"91","73"
"USW00094818","RACINE BATTEN AIRPORT, WI US","2018-08-06","0.80",,"80","68"
"USW00094818","RACINE BATTEN AIRPORT, WI US","2018-08-07","0.05",,"77","66"
"USW00094818","RACINE BATTEN AIRPORT, WI US","2018-08-08","0.00",,"80","63"
"USW00094818","RACINE BATTEN AIRPORT, WI US","2018-08-09","0.45",,"87","68"
"USW00094818","RACINE BATTEN AIRPORT, WI US","2018-08-10","0.00",,"79","64"
"USW00094818","RACINE BATTEN AIRPORT, WI US","2018-08-11","0.00",,"85","61"
"USW00094818","RACINE BATTEN AIRPORT, WI US","2018-08-12","0.00",,"84","65"
"USW00094818","RACINE BATTEN AIRPORT, WI US","2018-08-13","0.00",,"84","63"
"USW00094818","RACINE BATTEN AIRPORT, WI US","2018-08-14","0.00",,"87","70"
"USW00094818","RACINE BATTEN AIRPORT, WI US","2018-08-15","0.00",,"84","69"
"USW00094818","RACINE BATTEN AIRPORT, WI US","2018-08-16","0.01",,"82","72"
"USW00094818","RACINE BATTEN AIRPORT, WI US","2018-08-17","0.19",,"80","68"
"USW00094818","RACINE BATTEN AIRPORT, WI US","2018-08-18","0.00",,"76","66"
"USW00094818","RACINE BATTEN AIRPORT, WI US","2018-08-19","0.00",,"80","64"
"USW00094818","RACINE BATTEN AIRPORT, WI US","2018-08-20","0.39",,"79","69"
"USW00094818","RACINE BATTEN AIRPORT, WI US","2018-08-21","0.19",,"74","62"
"USW00094818","RACINE BATTEN AIRPORT, WI US","2018-08-22","0.00",,"78","57"
"USW00094818","RACINE BATTEN AIRPORT, WI US","2018-08-23","0.00",,"80","59"
"USW00094818","RACINE BATTEN AIRPORT, WI US","2018-08-24","0.05",,"71","64"
"USW00094818","RACINE BATTEN AIRPORT, WI US","2018-08-25","0.00",,"84","66"
"USW00094818","RACINE BATTEN AIRPORT, WI US","2018-08-26","0.43",,"85","65"
"USW00094818","RACINE BATTEN AIRPORT, WI US","2018-08-27","0.72",,"91","72"
"USW00094818","RACINE BATTEN AIRPORT, WI US","2018-08-28","1.49",,"85","65"
"USW00094818","RACINE BATTEN AIRPORT, WI US","2018-08-29","0.12",,"73","58"
"USW00094818","RACINE BATTEN AIRPORT, WI US","2018-08-30","0.00",,"70","56"
"USW00094818","RACINE BATTEN AIRPORT, WI US","2018-08-31","0.00",,"77","55"
"USW00094818","RACINE BATTEN AIRPORT, WI US","2018-09-01","0.08",,"80","70"
"USW00094818","RACINE BATTEN AIRPORT, WI US","2018-09-02","1.07",,"88","69"
"USW00094818","RACINE BATTEN AIRPORT, WI US","2018-09-03","1.14",,"75","68"
"USW00094818","RACINE BATTEN AIRPORT, WI US","2018-09-04","0.00",,"89","71"
"USW00094818","RACINE BATTEN AIRPORT, WI US","2018-09-05","0.37",,"88","64"
"USW00094818","RACINE BATTEN AIRPORT, WI US","2018-09-06","0.02",,"70","60"
"USW00094818","RACINE BATTEN AIRPORT, WI US","2018-09-07","0.00",,"70","59"
"USW00094818","RACINE BATTEN AIRPORT, WI US","2018-09-08","0.00",,"71","62"
"USW00094818","RACINE BATTEN AIRPORT, WI US","2018-09-09","0.00",,"68","59"
"USW00094818","RACINE BATTEN AIRPORT, WI US","2018-09-10","0.00",,"70","56"
"USW00094818","RACINE BATTEN AIRPORT, WI US","2018-09-11","0.00",,"74","56"
"USW00094818","RACINE BATTEN AIRPORT, WI US","2018-09-12","0.00",,"77","59"
"USW00094818","RACINE BATTEN AIRPORT, WI US","2018-09-13","0.00",,"74","56"
"USW00094818","RACINE BATTEN AIRPORT, WI US","2018-09-14","0.00",,"80","58"
"USW00094818","RACINE BATTEN AIRPORT, WI US","2018-09-15","0.00",,"80","59"
"USW00094818","RACINE BATTEN AIRPORT, WI US","2018-09-16","0.00",,"81","63"
"USW00094818","RACINE BATTEN AIRPORT, WI US","2018-09-17","0.00",,"88","65"
"USW00094818","RACINE BATTEN AIRPORT, WI US","2018-09-18","0.09",,"71","63"
"USW00094818","RACINE BATTEN AIRPORT, WI US","2018-09-19","0.04",,"69","61"
"USW00094818","RACINE BATTEN AIRPORT, WI US","2018-09-20","1.23",,"82","67"
"USW00094818","RACINE BATTEN AIRPORT, WI US","2018-09-21","0.00",,"83","50"
"USW00094818","RACINE BATTEN AIRPORT, WI US","2018-09-22","0.00",,"63","47"
"USW00094818","RACINE BATTEN AIRPORT, WI US","2018-09-23","0.00",,"67","46"
"USW00094818","RACINE BATTEN AIRPORT, WI US","2018-09-24","0.00",,"69","63"
"USW00094818","RACINE BATTEN AIRPORT, WI US","2018-09-25","0.15",,"79","58"
"USW00094818","RACINE BATTEN AIRPORT, WI US","2018-09-26","0.00",,"66","48"
"USW00094818","RACINE BATTEN AIRPORT, WI US","2018-09-27","0.00",,"70","46"
"USW00094818","RACINE BATTEN AIRPORT, WI US","2018-09-28","0.00",,"59","44"
"USW00094818","RACINE BATTEN AIRPORT, WI US","2018-09-29","0.39",,"59","38"
"USW00094818","RACINE BATTEN AIRPORT, WI US","2018-09-30","1.85",,"57","48"
"USW00094818","RACINE BATTEN AIRPORT, WI US","2018-10-01","1.39",,"63","53"
"USW00094818","RACINE BATTEN AIRPORT, WI US","2018-10-02","0.01",,"62","55"
"USW00094818","RACINE BATTEN AIRPORT, WI US","2018-10-03","0.00",,"86","60"
"USW00094818","RACINE BATTEN AIRPORT, WI US","2018-10-04","0.00",,"76","49"
"USW00094818","RACINE BATTEN AIRPORT, WI US","2018-10-05","0.75",,"62","54"
"USW00094818","RACINE BATTEN AIRPORT, WI US","2018-10-06","1.57",,"64","55"
"USW00094818","RACINE BATTEN AIRPORT, WI US","2018-10-07","0.23",,"61","53"
"USW00094818","RACINE BATTEN AIRPORT, WI US","2018-10-08","0.05",,"83","61"
"USW00094818","RACINE BATTEN AIRPORT, WI US","2018-10-09","0.00",,"80","66"
"USW00094818","RACINE BATTEN AIRPORT, WI US","2018-10-10","0.50",,"70","50"
"USW00094818","RACINE BATTEN AIRPORT, WI US","2018-10-11","0.00",,"50","42"
"USW00094818","RACINE BATTEN AIRPORT, WI US","2018-10-12","0.00",,"44","33"
"USW00094818","RACINE BATTEN AIRPORT, WI US","2018-10-13","0.00",,"53","31"
"USW00094818","RACINE BATTEN AIRPORT, WI US","2018-10-14","0.00",,"56","37"
"USW00094818","RACINE BATTEN AIRPORT, WI US","2018-10-15","0.05",,"47","34"
"USW00094818","RACINE BATTEN AIRPORT, WI US","2018-10-16","0.00",,"60","34"
"USW00094818","RACINE BATTEN AIRPORT, WI US","2018-10-17","0.00",,"50","36"
"USW00094818","RACINE BATTEN AIRPORT, WI US","2018-10-18","0.00",,"59","31"
"USW00094818","RACINE BATTEN AIRPORT, WI US","2018-10-19","0.00",,"57","48"
"USW00094818","RACINE BATTEN AIRPORT, WI US","2018-10-20","0.01",,"51","32"
"USW00094818","RACINE BATTEN AIRPORT, WI US","2018-10-21","0.00",,"51","27"
"USW00094818","RACINE BATTEN AIRPORT, WI US","2018-10-22","0.00",,"64","38"
"USW00094818","RACINE BATTEN AIRPORT, WI US","2018-10-23","0.00",,"53","33"
"USW00094818","RACINE BATTEN AIRPORT, WI US","2018-10-24","0.00",,"51","32"
"USW00094818","RACINE BATTEN AIRPORT, WI US","2018-10-25","0.00",,"50","34"
"USW00094818","RACINE BATTEN AIRPORT, WI US","2018-10-26","0.00",,"51","44"
"USW00094818","RACINE BATTEN AIRPORT, WI US","2018-10-27","0.00",,"52","41"
"USW00094818","RACINE BATTEN AIRPORT, WI US","2018-10-28","0.10",,"51","41"
"USW00094818","RACINE BATTEN AIRPORT, WI US","2018-10-29","0.00",,"53","41"
"USW00094818","RACINE BATTEN AIRPORT, WI US","2018-10-30","0.50",,"60","48"
"USW00094818","RACINE BATTEN AIRPORT, WI US","2018-10-31","0.00",,"59","45"
"USW00094818","RACINE BATTEN AIRPORT, WI US","2018-11-01","0.00",,"51","42"
"USW00094818","RACINE BATTEN AIRPORT, WI US","2018-11-02","0.00",,"48","37"
"USW00094818","RACINE BATTEN AIRPORT, WI US","2018-11-03","0.01",,"48","30"
"USW00094818","RACINE BATTEN AIRPORT, WI US","2018-11-04","0.65",,"52","45"
"USW00094818","RACINE BATTEN AIRPORT, WI US","2018-11-05","0.27",,"52","43"
"USW00094818","RACINE BATTEN AIRPORT, WI US","2018-11-06","0.11",,"50","38"
"USW00094818","RACINE BATTEN AIRPORT, WI US","2018-11-07","0.00",,"41","35"
"USW00094818","RACINE BATTEN AIRPORT, WI US","2018-11-08","0.00",,"37","33"
"USW00094818","RACINE BATTEN AIRPORT, WI US","2018-11-09","0.19",,"35","20"
"USW00094818","RACINE BATTEN AIRPORT, WI US","2018-11-10","0.00",,"32","20"
"USW00094818","RACINE BATTEN AIRPORT, WI US","2018-11-11","0.00",,"41","29"
"USW00094818","RACINE BATTEN AIRPORT, WI US","2018-11-12","0.00",,"36","24"
"USW00094818","RACINE BATTEN AIRPORT, WI US","2018-11-13","0.00",,"28","18"
"USW00094818","RACINE BATTEN AIRPORT, WI US","2018-11-14","0.00",,"35","16"
"USW00094818","RACINE BATTEN AIRPORT, WI US","2018-11-15","0.22",,"38","27"
"USW00094818","RACINE BATTEN AIRPORT, WI US","2018-11-16","0.03",,"39","29"
"USW00094818","RACINE BATTEN AIRPORT, WI US","2018-11-17","0.05",,"34","30"
"USW00094818","RACINE BATTEN AIRPORT, WI US","2018-11-18","0.00",,"36","22"
"USW00094818","RACINE BATTEN AIRPORT, WI US","2018-11-19","0.00",,"34","22"
"USW00094818","RACINE BATTEN AIRPORT, WI US","2018-11-20","0.00",,"35","26"
"USW00094818","RACINE BATTEN AIRPORT, WI US","2018-11-21","0.00",,"33","28"
"USW00094818","RACINE BATTEN AIRPORT, WI US","2018-11-22","0.00",,"39","30"
"USW00094818","RACINE BATTEN AIRPORT, WI US","2018-11-23","0.00",,"48","36"
"USW00094818","RACINE BATTEN AIRPORT, WI US","2018-11-24","0.13",,"46","41"
"USW00094818","RACINE BATTEN AIRPORT, WI US","2018-11-25","0.21",,"42","33"
"USW00094818","RACINE BATTEN AIRPORT, WI US","2018-11-26","0.04",,"34","25"
"USW00094818","RACINE BATTEN AIRPORT, WI US","2018-11-27","0.00",,"26","19"
"USW00094818","RACINE BATTEN AIRPORT, WI US","2018-11-28","0.02",,"26","14"
"USW00094818","RACINE BATTEN AIRPORT, WI US","2018-11-29","0.01",,"34","26"
"USW00094818","RACINE BATTEN AIRPORT, WI US","2018-11-30","0.00",,"38","22"
"USW00094818","RACINE BATTEN AIRPORT, WI US","2018-12-01","1.05",,"40","37"
"USW00094818","RACINE BATTEN AIRPORT, WI US","2018-12-02","0.21",,"42","34"
"USW00094818","RACINE BATTEN AIRPORT, WI US","2018-12-03","0.00",,"35","30"
"USW00094818","RACINE BATTEN AIRPORT, WI US","2018-12-04","0.00",,"31","28"
"USW00094818","RACINE BATTEN AIRPORT, WI US","2018-12-05","0.00",,"31","24"
"USW00094818","RACINE BATTEN AIRPORT, WI US","2018-12-06","0.00",,"31","18"
"USW00094818","RACINE BATTEN AIRPORT, WI US","2018-12-07","0.00",,"24","14"
"USW00094818","RACINE BATTEN AIRPORT, WI US","2018-12-08","0.00",,"31","16"
"USW00094818","RACINE BATTEN AIRPORT, WI US","2018-12-09","0.00",,"26","14"
"USW00094818","RACINE BATTEN AIRPORT, WI US","2018-12-10","0.00",,"37","16"
"USW00094818","RACINE BATTEN AIRPORT, WI US","2018-12-11","0.00",,"35","23"
"USW00094818","RACINE BATTEN AIRPORT, WI US","2018-12-12","0.00",,"40","30"
"USW00094818","RACINE BATTEN AIRPORT, WI US","2018-12-13","0.00",,"40","24"
"USW00094818","RACINE BATTEN AIRPORT, WI US","2018-12-14","0.00",,"46","25"
"USW00094818","RACINE BATTEN AIRPORT, WI US","2018-12-15","0.00",,"45","23"
"USW00094818","RACINE BATTEN AIRPORT, WI US","2018-12-16","0.00",,"49","24"
"USW00094818","RACINE BATTEN AIRPORT, WI US","2018-12-17","0.00",,"44","23"
"USW00094818","RACINE BATTEN AIRPORT, WI US","2018-12-18","0.00",,"42","20"
"USW00094818","RACINE BATTEN AIRPORT, WI US","2018-12-19","0.00",,"47","31"
"USW00094818","RACINE BATTEN AIRPORT, WI US","2018-12-20","0.03",,"45","38"
"USW00094818","RACINE BATTEN AIRPORT, WI US","2018-12-21","0.01",,"38","29"
"USW00094818","RACINE BATTEN AIRPORT, WI US","2018-12-22","0.00",,"31","27"
"USW00094818","RACINE BATTEN AIRPORT, WI US","2018-12-23","0.00",,"39","27"
"USW00094818","RACINE BATTEN AIRPORT, WI US","2018-12-24","0.00",,"32","20"
"USW00094818","RACINE BATTEN AIRPORT, WI US","2018-12-25","0.00",,"40","21"
"USW00094818","RACINE BATTEN AIRPORT, WI US","2018-12-26","0.00",,"41","27"
"USW00094818","RACINE BATTEN AIRPORT, WI US","2018-12-27","0.39",,"46","39"
"USW00094818","RACINE BATTEN AIRPORT, WI US","2018-12-28","0.02",,"52","28"
"USW00094818","RACINE BATTEN AIRPORT, WI US","2018-12-29","0.00",,"28","21"
"USW00094818","RACINE BATTEN AIRPORT, WI US","2018-12-30","0.00",,"35","20"
"USW00094818","RACINE BATTEN AIRPORT, WI US","2018-12-31","0.46",,"39","29"
