STATION,STATION_NAME,DATE,DLY-TAVG-NORMAL,DLY-DUTR-NORMAL,DLY-TMAX-NORMAL,DLY-TMIN-NORMAL,DLY-TAVG-STDDEV,DLY-DUTR-STDDEV,DLY-TMAX-STDDEV,DLY-TMIN-STDDEV
GHCND:USW00014880,CHICAGO WAUKEGAN REGIONAL AIRPORT IL US,20100101,24.5,14.5,31.8,17.3,10.2,6.1,10.1,11.2
GHCND:USW00014880,CHICAGO WAUKEGAN REGIONAL AIRPORT IL US,20100102,24.4,14.6,31.7,17.1,10.1,6.1,10.1,11.1
GHCND:USW00014880,CHICAGO WAUKEGAN REGIONAL AIRPORT IL US,20100103,24.3,14.7,31.6,16.9,10.1,6.1,10.0,11.1
GHCND:USW00014880,CHICAGO WAUKEGAN REGIONAL AIRPORT IL US,20100104,24.1,14.7,31.5,16.8,10.1,6.0,10.0,11.1
GHCND:USW00014880,CHICAGO WAUKEGAN REGIONAL AIRPORT IL US,20100105,24.0,14.8,31.4,16.6,10.1,6.0,10.0,11.1
GHCND:USW00014880,CHICAGO WAUKEGAN REGIONAL AIRPORT IL US,20100106,23.9,14.8,31.3,16.5,10.1,6.0,10.0,11.1
GHCND:USW00014880,CHICAGO WAUKEGAN REGIONAL AIRPORT IL US,20100107,23.7,14.9,31.2,16.3,10.1,6.0,9.9,11.1
GHCND:USW00014880,CHICAGO WAUKEGAN REGIONAL AIRPORT IL US,20100108,23.6,14.9,31.1,16.1,10.1,6.0,9.9,11.1
GHCND:USW00014880,CHICAGO WAUKEGAN REGIONAL AIRPORT IL US,20100109,23.5,15.0,31.0,16.0,10.1,5.9,9.9,11.1
GHCND:USW00014880,CHICAGO WAUKEGAN REGIONAL AIRPORT IL US,20100110,23.4,15.0,30.9,15.9,10.1,5.9,9.9,11.1
GHCND:USW00014880,CHICAGO WAUKEGAN REGIONAL AIRPORT IL US,20100111,23.2,15.0,30.7,15.7,10.1,5.9,9.9,11.0
GHCND:USW00014880,CHICAGO WAUKEGAN REGIONAL AIRPORT IL US,20100112,23.1,15.1,30.6,15.6,10.0,5.9,9.9,11.0
GHCND:USW00014880,CHICAGO WAUKEGAN REGIONAL AIRPORT IL US,20100113,23.0,15.1,30.5,15.5,10.0,5.9,9.9,11.0
GHCND:USW00014880,CHICAGO WAUKEGAN REGIONAL AIRPORT IL US,20100114,22.9,15.1,30.4,15.3,10.1,5.9,9.9,11.1
GHCND:USW00014880,CHICAGO WAUKEGAN REGIONAL AIRPORT IL US,20100115,22.8,15.1,30.3,15.2,10.1,5.9,9.9,11.1
GHCND:USW00014880,CHICAGO WAUKEGAN REGIONAL AIRPORT IL US,20100116,22.7,15.1,30.3,15.1,10.1,6.0,9.9,11.2
GHCND:USW00014880,CHICAGO WAUKEGAN REGIONAL AIRPORT IL US,20100117,22.6,15.2,30.2,15.0,10.1,6.0,9.9,11.2
GHCND:USW00014880,CHICAGO WAUKEGAN REGIONAL AIRPORT IL US,20100118,22.5,15.2,30.1,14.9,10.2,6.1,9.9,11.3
GHCND:USW00014880,CHICAGO WAUKEGAN REGIONAL AIRPORT IL US,20100119,22.4,15.2,30.0,14.9,10.2,6.1,9.9,11.3
GHCND:USW00014880,CHICAGO WAUKEGAN REGIONAL AIRPORT IL US,20100120,22.4,15.2,30.0,14.8,10.2,6.2,9.9,11.3
GHCND:USW00014880,CHICAGO WAUKEGAN REGIONAL AIRPORT IL US,20100121,22.3,15.2,29.9,14.8,10.2,6.2,10.0,11.4
GHCND:USW00014880,CHICAGO WAUKEGAN REGIONAL AIRPORT IL US,20100122,22.3,15.2,29.9,14.7,10.3,6.2,10.0,11.4
GHCND:USW00014880,CHICAGO WAUKEGAN REGIONAL AIRPORT IL US,20100123,22.3,15.1,29.8,14.7,10.3,6.3,10.0,11.4
GHCND:USW00014880,CHICAGO WAUKEGAN REGIONAL AIRPORT IL US,20100124,22.3,15.1,29.8,14.7,10.2,6.3,9.9,11.4
GHCND:USW00014880,CHICAGO WAUKEGAN REGIONAL AIRPORT IL US,20100125,22.3,15.1,29.8,14.7,10.2,6.4,9.9,11.5
GHCND:USW00014880,CHICAGO WAUKEGAN REGIONAL AIRPORT IL US,20100126,22.3,15.1,29.8,14.7,10.3,6.4,10.0,11.5
GHCND:USW00014880,CHICAGO WAUKEGAN REGIONAL AIRPORT IL US,20100127,22.3,15.1,29.8,14.8,10.3,6.5,10.0,11.5
GHCND:USW00014880,CHICAGO WAUKEGAN REGIONAL AIRPORT IL US,20100128,22.3,15.1,29.9,14.8,10.3,6.5,10.0,11.5
GHCND:USW00014880,CHICAGO WAUKEGAN REGIONAL AIRPORT IL US,20100129,22.4,15.0,29.9,14.9,10.3,6.5,10.0,11.5
GHCND:USW00014880,CHICAGO WAUKEGAN REGIONAL AIRPORT IL US,20100130,22.5,15.0,30.0,15.0,10.3,6.6,10.0,11.5
GHCND:USW00014880,CHICAGO WAUKEGAN REGIONAL AIRPORT IL US,20100131,22.6,15.0,30.1,15.1,10.3,6.6,10.0,11.5
GHCND:USW00014880,CHICAGO WAUKEGAN REGIONAL AIRPORT IL US,20100201,22.7,15.0,30.2,15.2,10.3,6.6,10.0,11.5
GHCND:USW00014880,CHICAGO WAUKEGAN REGIONAL AIRPORT IL US,20100202,22.8,15.0,30.3,15.3,10.2,6.6,10.0,11.5
GHCND:USW00014880,CHICAGO WAUKEGAN REGIONAL AIRPORT IL US,20100203,23.0,15.0,30.4,15.5,10.2,6.7,10.0,11.4
GHCND:USW00014880,CHICAGO WAUKEGAN REGIONAL AIRPORT IL US,20100204,23.1,14.9,30.6,15.6,10.2,6.7,10.0,11.4
GHCND:USW00014880,CHICAGO WAUKEGAN REGIONAL AIRPORT IL US,20100205,23.3,14.9,30.8,15.8,10.2,6.7,10.0,11.4
GHCND:USW00014880,CHICAGO WAUKEGAN REGIONAL AIRPORT IL US,20100206,23.5,14.9,30.9,16.0,10.1,6.7,10.0,11.3
GHCND:USW00014880,CHICAGO WAUKEGAN REGIONAL AIRPORT IL US,20100207,23.7,14.9,31.1,16.2,10.1,6.7,9.9,11.3
GHCND:USW00014880,CHICAGO WAUKEGAN REGIONAL AIRPORT IL US,20100208,23.9,14.9,31.4,16.4,10.1,6.8,9.9,11.2
GHCND:USW00014880,CHICAGO WAUKEGAN REGIONAL AIRPORT IL US,20100209,24.1,14.9,31.6,16.7,10.0,6.8,9.9,11.2
GHCND:USW00014880,CHICAGO WAUKEGAN REGIONAL AIRPORT IL US,20100210,24.4,14.9,31.8,16.9,10.0,6.8,9.9,11.1
GHCND:USW00014880,CHICAGO WAUKEGAN REGIONAL AIRPORT IL US,20100211,24.6,15.0,32.1,17.2,10.0,6.8,9.9,11.1
GHCND:USW00014880,CHICAGO WAUKEGAN REGIONAL AIRPORT IL US,20100212,24.9,15.0,32.4,17.4,9.9,6.8,9.9,11.0
GHCND:USW00014880,CHICAGO WAUKEGAN REGIONAL AIRPORT IL US,20100213,25.2,15.0,32.7,17.7,9.9,6.8,9.9,11.0
GHCND:USW00014880,CHICAGO WAUKEGAN REGIONAL AIRPORT IL US,20100214,25.5,15.0,33.0,18.0,9.9,6.8,10.0,10.9
GHCND:USW00014880,CHICAGO WAUKEGAN REGIONAL AIRPORT IL US,20100215,25.8,15.1,33.3,18.2,9.9,6.8,10.0,10.8
GHCND:USW00014880,CHICAGO WAUKEGAN REGIONAL AIRPORT IL US,20100216,26.1,15.1,33.6,18.5,9.9,6.8,10.0,10.8
GHCND:USW00014880,CHICAGO WAUKEGAN REGIONAL AIRPORT IL US,20100217,26.4,15.1,34.0,18.8,9.8,6.8,10.1,10.7
GHCND:USW00014880,CHICAGO WAUKEGAN REGIONAL AIRPORT IL US,20100218,26.7,15.2,34.3,19.1,9.8,6.9,10.1,10.6
GHCND:USW00014880,CHICAGO WAUKEGAN REGIONAL AIRPORT IL US,20100219,27.0,15.2,34.7,19.4,9.8,6.9,10.2,10.5
GHCND:USW00014880,CHICAGO WAUKEGAN REGIONAL AIRPORT IL US,20100220,27.4,15.3,35.0,19.7,9.8,6.9,10.2,10.5
GHCND:USW00014880,CHICAGO WAUKEGAN REGIONAL AIRPORT IL US,20100221,27.7,15.4,35.4,20.0,9.8,6.9,10.3,10.4
GHCND:USW00014880,CHICAGO WAUKEGAN REGIONAL AIRPORT IL US,20100222,28.0,15.4,35.8,20.3,9.8,7.0,10.4,10.3
GHCND:USW00014880,CHICAGO WAUKEGAN REGIONAL AIRPORT IL US,20100223,28.4,15.5,36.1,20.6,9.8,7.0,10.5,10.3
GHCND:USW00014880,CHICAGO WAUKEGAN REGIONAL AIRPORT IL US,20100224,28.7,15.6,36.5,20.9,9.8,7.1,10.6,10.2
GHCND:USW00014880,CHICAGO WAUKEGAN REGIONAL AIRPORT IL US,20100225,29.1,15.7,36.9,21.2,9.8,7.1,10.7,10.1
GHCND:USW00014880,CHICAGO WAUKEGAN REGIONAL AIRPORT IL US,20100226,29.4,15.8,37.3,21.5,9.8,7.2,10.8,10.0
GHCND:USW00014880,CHICAGO WAUKEGAN REGIONAL AIRPORT IL US,20100227,29.8,15.9,37.7,21.8,9.8,7.2,10.8,10.0
GHCND:USW00014880,CHICAGO WAUKEGAN REGIONAL AIRPORT IL US,20100228,30.1,16.0,38.1,22.1,9.8,7.3,10.9,9.9
GHCND:USW00014880,CHICAGO WAUKEGAN REGIONAL AIRPORT IL US,20100301,30.4,16.1,38.5,22.4,9.8,7.4,11.0,9.8
GHCND:USW00014880,CHICAGO WAUKEGAN REGIONAL AIRPORT IL US,20100302,30.8,16.2,38.8,22.7,9.7,7.4,11.0,9.7
GHCND:USW00014880,CHICAGO WAUKEGAN REGIONAL AIRPORT IL US,20100303,31.1,16.3,39.2,23.0,9.7,7.5,11.1,9.6
GHCND:USW00014880,CHICAGO WAUKEGAN REGIONAL AIRPORT IL US,20100304,31.4,16.4,39.6,23.2,9.7,7.5,11.1,9.5
GHCND:USW00014880,CHICAGO WAUKEGAN REGIONAL AIRPORT IL US,20100305,31.8,16.5,40.0,23.5,9.7,7.6,11.2,9.5
GHCND:USW00014880,CHICAGO WAUKEGAN REGIONAL AIRPORT IL US,20100306,32.1,16.6,40.4,23.8,9.6,7.6,11.2,9.4
GHCND:USW00014880,CHICAGO WAUKEGAN REGIONAL AIRPORT IL US,20100307,32.4,16.7,40.7,24.1,9.6,7.7,11.3,9.3
GHCND:USW00014880,CHICAGO WAUKEGAN REGIONAL AIRPORT IL US,20100308,32.7,16.8,41.1,24.3,9.6,7.7,11.3,9.2
GHCND:USW00014880,CHICAGO WAUKEGAN REGIONAL AIRPORT IL US,20100309,33.0,16.9,41.5,24.6,9.6,7.7,11.3,9.1
GHCND:USW00014880,CHICAGO WAUKEGAN REGIONAL AIRPORT IL US,20100310,33.3,17.0,41.8,24.9,9.5,7.8,11.4,9.1
GHCND:USW00014880,CHICAGO WAUKEGAN REGIONAL AIRPORT IL US,20100311,33.7,17.1,42.2,25.1,9.5,7.8,11.4,9.0
GHCND:USW00014880,CHICAGO WAUKEGAN REGIONAL AIRPORT IL US,20100312,34.0,17.2,42.6,25.4,9.5,7.8,11.4,9.0
GHCND:USW00014880,CHICAGO WAUKEGAN REGIONAL AIRPORT IL US,20100313,34.3,17.3,42.9,25.6,9.5,7.8,11.4,8.9
GHCND:USW00014880,CHICAGO WAUKEGAN REGIONAL AIRPORT IL US,20100314,34.6,17.4,43.3,25.9,9.5,7.8,11.4,8.9
GHCND:USW00014880,CHICAGO WAUKEGAN REGIONAL AIRPORT IL US,20100315,34.9,17.5,43.6,26.2,9.4,7.8,11.4,8.8
GHCND:USW00014880,CHICAGO WAUKEGAN REGIONAL AIRPORT IL US,20100316,35.2,17.5,44.0,26.4,9.4,7.8,11.4,8.8
GHCND:USW00014880,CHICAGO WAUKEGAN REGIONAL AIRPORT IL US,20100317,35.5,17.6,44.3,26.7,9.4,7.8,11.4,8.7
GHCND:USW00014880,CHICAGO WAUKEGAN REGIONAL AIRPORT IL US,20100318,35.8,17.7,44.6,26.9,9.3,7.8,11.4,8.6
GHCND:USW00014880,CHICAGO WAUKEGAN REGIONAL AIRPORT IL US,20100319,36.1,17.8,45.0,27.2,9.3,7.7,11.4,8.6
GHCND:USW00014880,CHICAGO WAUKEGAN REGIONAL AIRPORT IL US,20100320,36.4,17.8,45.3,27.5,9.2,7.7,11.4,8.5
GHCND:USW00014880,CHICAGO WAUKEGAN REGIONAL AIRPORT IL US,20100321,36.7,17.9,45.7,27.8,9.2,7.7,11.3,8.4
GHCND:USW00014880,CHICAGO WAUKEGAN REGIONAL AIRPORT IL US,20100322,37.0,18.0,46.0,28.1,9.1,7.7,11.3,8.3
GHCND:USW00014880,CHICAGO WAUKEGAN REGIONAL AIRPORT IL US,20100323,37.4,18.0,46.4,28.3,9.1,7.7,11.3,8.2
GHCND:USW00014880,CHICAGO WAUKEGAN REGIONAL AIRPORT IL US,20100324,37.7,18.1,46.7,28.6,9.1,7.7,11.3,8.2
GHCND:USW00014880,CHICAGO WAUKEGAN REGIONAL AIRPORT IL US,20100325,38.0,18.1,47.1,28.9,9.0,7.7,11.3,8.1
GHCND:USW00014880,CHICAGO WAUKEGAN REGIONAL AIRPORT IL US,20100326,38.3,18.1,47.4,29.3,9.0,7.7,11.3,8.1
GHCND:USW00014880,CHICAGO WAUKEGAN REGIONAL AIRPORT IL US,20100327,38.7,18.2,47.8,29.6,9.0,7.7,11.3,8.1
GHCND:USW00014880,CHICAGO WAUKEGAN REGIONAL AIRPORT IL US,20100328,39.0,18.2,48.1,29.9,9.0,7.7,11.3,8.0
GHCND:USW00014880,CHICAGO WAUKEGAN REGIONAL AIRPORT IL US,20100329,39.3,18.2,48.5,30.2,9.0,7.7,11.3,8.0
GHCND:USW00014880,CHICAGO WAUKEGAN REGIONAL AIRPORT IL US,20100330,39.7,18.3,48.8,30.6,9.0,7.7,11.3,8.0
GHCND:USW00014880,CHICAGO WAUKEGAN REGIONAL AIRPORT IL US,20100331,40.1,18.3,49.2,30.9,9.0,7.7,11.4,8.0
GHCND:USW00014880,CHICAGO WAUKEGAN REGIONAL AIRPORT IL US,20100401,40.4,18.3,49.6,31.3,9.1,7.8,11.4,8.0
GHCND:USW00014880,CHICAGO WAUKEGAN REGIONAL AIRPORT IL US,20100402,40.8,18.3,49.9,31.6,9.1,7.8,11.5,8.0
GHCND:USW00014880,CHICAGO WAUKEGAN REGIONAL AIRPORT IL US,20100403,41.2,18.3,50.3,32.0,9.1,7.8,11.5,8.0
GHCND:USW00014880,CHICAGO WAUKEGAN REGIONAL AIRPORT IL US,20100404,41.5,18.3,50.7,32.4,9.1,7.8,11.5,8.0
GHCND:USW00014880,CHICAGO WAUKEGAN REGIONAL AIRPORT IL US,20100405,41.9,18.3,51.1,32.8,9.1,7.9,11.6,8.0
GHCND:USW00014880,CHICAGO WAUKEGAN REGIONAL AIRPORT IL US,20100406,42.3,18.3,51.5,33.1,9.1,7.9,11.6,8.0
GHCND:USW00014880,CHICAGO WAUKEGAN REGIONAL AIRPORT IL US,20100407,42.7,18.3,51.9,33.5,9.1,8.0,11.6,8.0
GHCND:USW00014880,CHICAGO WAUKEGAN REGIONAL AIRPORT IL US,20100408,43.1,18.3,52.3,33.9,9.1,8.0,11.6,7.9
GHCND:USW00014880,CHICAGO WAUKEGAN REGIONAL AIRPORT IL US,20100409,43.5,18.3,52.7,34.3,9.1,8.1,11.7,7.9
GHCND:USW00014880,CHICAGO WAUKEGAN REGIONAL AIRPORT IL US,20100410,43.9,18.3,53.1,34.7,9.1,8.1,11.7,7.8
GHCND:USW00014880,CHICAGO WAUKEGAN REGIONAL AIRPORT IL US,20100411,44.3,18.3,53.5,35.1,9.0,8.2,11.7,7.8
GHCND:USW00014880,CHICAGO WAUKEGAN REGIONAL AIRPORT IL US,20100412,44.7,18.4,53.9,35.5,9.0,8.2,11.7,7.7
GHCND:USW00014880,CHICAGO WAUKEGAN REGIONAL AIRPORT IL US,20100413,45.1,18.4,54.3,35.9,9.0,8.3,11.7,7.7
GHCND:USW00014880,CHICAGO WAUKEGAN REGIONAL AIRPORT IL US,20100414,45.5,18.4,54.7,36.3,8.9,8.3,11.7,7.6
GHCND:USW00014880,CHICAGO WAUKEGAN REGIONAL AIRPORT IL US,20100415,45.9,18.4,55.1,36.7,8.9,8.3,11.6,7.6
GHCND:USW00014880,CHICAGO WAUKEGAN REGIONAL AIRPORT IL US,20100416,46.3,18.4,55.5,37.1,8.8,8.3,11.6,7.6
GHCND:USW00014880,CHICAGO WAUKEGAN REGIONAL AIRPORT IL US,20100417,46.7,18.4,55.9,37.5,8.8,8.3,11.5,7.6
GHCND:USW00014880,CHICAGO WAUKEGAN REGIONAL AIRPORT IL US,20100418,47.1,18.4,56.3,37.9,8.8,8.3,11.5,7.6
GHCND:USW00014880,CHICAGO WAUKEGAN REGIONAL AIRPORT IL US,20100419,47.5,18.5,56.7,38.3,8.8,8.3,11.5,7.6
GHCND:USW00014880,CHICAGO WAUKEGAN REGIONAL AIRPORT IL US,20100420,47.9,18.5,57.2,38.6,8.8,8.3,11.4,7.6
GHCND:USW00014880,CHICAGO WAUKEGAN REGIONAL AIRPORT IL US,20100421,48.3,18.5,57.6,39.0,8.8,8.3,11.4,7.6
GHCND:USW00014880,CHICAGO WAUKEGAN REGIONAL AIRPORT IL US,20100422,48.7,18.6,58.0,39.4,8.7,8.2,11.3,7.6
GHCND:USW00014880,CHICAGO WAUKEGAN REGIONAL AIRPORT IL US,20100423,49.0,18.6,58.3,39.7,8.7,8.2,11.3,7.6
GHCND:USW00014880,CHICAGO WAUKEGAN REGIONAL AIRPORT IL US,20100424,49.4,18.7,58.7,40.1,8.7,8.2,11.2,7.6
GHCND:USW00014880,CHICAGO WAUKEGAN REGIONAL AIRPORT IL US,20100425,49.8,18.7,59.1,40.4,8.6,8.1,11.1,7.6
GHCND:USW00014880,CHICAGO WAUKEGAN REGIONAL AIRPORT IL US,20100426,50.1,18.8,59.5,40.7,8.6,8.0,11.0,7.5
GHCND:USW00014880,CHICAGO WAUKEGAN REGIONAL AIRPORT IL US,20100427,50.4,18.9,59.9,41.0,8.5,8.0,10.9,7.5
GHCND:USW00014880,CHICAGO WAUKEGAN REGIONAL AIRPORT IL US,20100428,50.8,18.9,60.2,41.3,8.4,7.9,10.8,7.5
GHCND:USW00014880,CHICAGO WAUKEGAN REGIONAL AIRPORT IL US,20100429,51.1,19.0,60.6,41.6,8.4,7.9,10.7,7.4
GHCND:USW00014880,CHICAGO WAUKEGAN REGIONAL AIRPORT IL US,20100430,51.4,19.1,61.0,41.9,8.3,7.8,10.7,7.4
GHCND:USW00014880,CHICAGO WAUKEGAN REGIONAL AIRPORT IL US,20100501,51.7,19.2,61.3,42.2,8.3,7.8,10.6,7.4
GHCND:USW00014880,CHICAGO WAUKEGAN REGIONAL AIRPORT IL US,20100502,52.0,19.2,61.7,42.4,8.2,7.7,10.5,7.3
GHCND:USW00014880,CHICAGO WAUKEGAN REGIONAL AIRPORT IL US,20100503,52.3,19.3,62.0,42.7,8.2,7.6,10.4,7.3
GHCND:USW00014880,CHICAGO WAUKEGAN REGIONAL AIRPORT IL US,20100504,52.6,19.4,62.3,42.9,8.1,7.6,10.3,7.3
GHCND:USW00014880,CHICAGO WAUKEGAN REGIONAL AIRPORT IL US,20100505,52.9,19.5,62.6,43.1,8.1,7.5,10.3,7.3
GHCND:USW00014880,CHICAGO WAUKEGAN REGIONAL AIRPORT IL US,20100506,53.2,19.6,63.0,43.4,8.0,7.5,10.2,7.3
GHCND:USW00014880,CHICAGO WAUKEGAN REGIONAL AIRPORT IL US,20100507,53.4,19.7,63.3,43.6,8.0,7.4,10.1,7.2
GHCND:USW00014880,CHICAGO WAUKEGAN REGIONAL AIRPORT IL US,20100508,53.7,19.8,63.6,43.8,8.0,7.3,10.1,7.2
GHCND:USW00014880,CHICAGO WAUKEGAN REGIONAL AIRPORT IL US,20100509,53.9,19.9,63.9,44.0,8.0,7.3,10.0,7.3
GHCND:USW00014880,CHICAGO WAUKEGAN REGIONAL AIRPORT IL US,20100510,54.2,20.0,64.2,44.2,8.0,7.2,9.9,7.3
GHCND:USW00014880,CHICAGO WAUKEGAN REGIONAL AIRPORT IL US,20100511,54.4,20.1,64.5,44.4,7.9,7.2,9.9,7.3
GHCND:USW00014880,CHICAGO WAUKEGAN REGIONAL AIRPORT IL US,20100512,54.7,20.2,64.8,44.6,7.9,7.1,9.9,7.3
GHCND:USW00014880,CHICAGO WAUKEGAN REGIONAL AIRPORT IL US,20100513,54.9,20.3,65.1,44.8,7.9,7.1,9.8,7.3
GHCND:USW00014880,CHICAGO WAUKEGAN REGIONAL AIRPORT IL US,20100514,55.2,20.4,65.3,45.0,7.9,7.0,9.8,7.3
GHCND:USW00014880,CHICAGO WAUKEGAN REGIONAL AIRPORT IL US,20100515,55.4,20.5,65.6,45.2,7.9,7.0,9.7,7.3
GHCND:USW00014880,CHICAGO WAUKEGAN REGIONAL AIRPORT IL US,20100516,55.6,20.5,65.9,45.4,7.9,6.9,9.7,7.3
GHCND:USW00014880,CHICAGO WAUKEGAN REGIONAL AIRPORT IL US,20100517,55.9,20.6,66.2,45.6,7.8,6.9,9.6,7.3
GHCND:USW00014880,CHICAGO WAUKEGAN REGIONAL AIRPORT IL US,20100518,56.1,20.7,66.5,45.8,7.8,6.8,9.6,7.2
GHCND:USW00014880,CHICAGO WAUKEGAN REGIONAL AIRPORT IL US,20100519,56.4,20.8,66.8,46.0,7.8,6.8,9.6,7.2
GHCND:USW00014880,CHICAGO WAUKEGAN REGIONAL AIRPORT IL US,20100520,56.6,20.8,67.1,46.2,7.7,6.8,9.5,7.2
GHCND:USW00014880,CHICAGO WAUKEGAN REGIONAL AIRPORT IL US,20100521,56.9,20.9,67.3,46.4,7.7,6.7,9.5,7.2
GHCND:USW00014880,CHICAGO WAUKEGAN REGIONAL AIRPORT IL US,20100522,57.2,21.0,67.6,46.7,7.7,6.7,9.5,7.1
GHCND:USW00014880,CHICAGO WAUKEGAN REGIONAL AIRPORT IL US,20100523,57.4,21.0,67.9,46.9,7.7,6.7,9.4,7.1
GHCND:USW00014880,CHICAGO WAUKEGAN REGIONAL AIRPORT IL US,20100524,57.7,21.1,68.2,47.2,7.6,6.7,9.4,7.1
GHCND:USW00014880,CHICAGO WAUKEGAN REGIONAL AIRPORT IL US,20100525,58.0,21.1,68.5,47.4,7.6,6.6,9.4,7.1
GHCND:USW00014880,CHICAGO WAUKEGAN REGIONAL AIRPORT IL US,20100526,58.3,21.1,68.8,47.7,7.6,6.6,9.4,7.1
GHCND:USW00014880,CHICAGO WAUKEGAN REGIONAL AIRPORT IL US,20100527,58.6,21.1,69.2,48.0,7.6,6.6,9.3,7.1
GHCND:USW00014880,CHICAGO WAUKEGAN REGIONAL AIRPORT IL US,20100528,58.9,21.2,69.5,48.3,7.6,6.5,9.3,7.1
GHCND:USW00014880,CHICAGO WAUKEGAN REGIONAL AIRPORT IL US,20100529,59.2,21.2,69.8,48.6,7.6,6.5,9.3,7.0
GHCND:USW00014880,CHICAGO WAUKEGAN REGIONAL AIRPORT IL US,20100530,59.5,21.2,70.1,49.0,7.6,6.5,9.2,7.0
GHCND:USW00014880,CHICAGO WAUKEGAN REGIONAL AIRPORT IL US,20100531,59.9,21.2,70.5,49.3,7.5,6.4,9.2,7.0
GHCND:USW00014880,CHICAGO WAUKEGAN REGIONAL AIRPORT IL US,20100601,60.2,21.1,70.8,49.7,7.5,6.4,9.1,7.0
GHCND:USW00014880,CHICAGO WAUKEGAN REGIONAL AIRPORT IL US,20100602,60.6,21.1,71.1,50.0,7.5,6.4,9.1,7.0
GHCND:USW00014880,CHICAGO WAUKEGAN REGIONAL AIRPORT IL US,20100603,60.9,21.1,71.5,50.4,7.5,6.3,9.1,7.0
GHCND:USW00014880,CHICAGO WAUKEGAN REGIONAL AIRPORT IL US,20100604,61.3,21.0,71.8,50.8,7.4,6.3,9.0,7.0
GHCND:USW00014880,CHICAGO WAUKEGAN REGIONAL AIRPORT IL US,20100605,61.7,21.0,72.2,51.2,7.4,6.2,8.9,7.0
GHCND:USW00014880,CHICAGO WAUKEGAN REGIONAL AIRPORT IL US,20100606,62.1,20.9,72.6,51.6,7.4,6.2,8.9,7.0
GHCND:USW00014880,CHICAGO WAUKEGAN REGIONAL AIRPORT IL US,20100607,62.5,20.9,72.9,52.0,7.3,6.1,8.8,6.9
GHCND:USW00014880,CHICAGO WAUKEGAN REGIONAL AIRPORT IL US,20100608,62.9,20.8,73.3,52.4,7.3,6.1,8.7,6.9
GHCND:USW00014880,CHICAGO WAUKEGAN REGIONAL AIRPORT IL US,20100609,63.3,20.8,73.6,52.9,7.2,6.0,8.7,6.9
GHCND:USW00014880,CHICAGO WAUKEGAN REGIONAL AIRPORT IL US,20100610,63.7,20.7,74.0,53.3,7.2,6.0,8.6,6.8
GHCND:USW00014880,CHICAGO WAUKEGAN REGIONAL AIRPORT IL US,20100611,64.1,20.6,74.4,53.8,7.1,6.0,8.5,6.8
GHCND:USW00014880,CHICAGO WAUKEGAN REGIONAL AIRPORT IL US,20100612,64.5,20.5,74.7,54.2,7.1,5.9,8.5,6.8
GHCND:USW00014880,CHICAGO WAUKEGAN REGIONAL AIRPORT IL US,20100613,64.9,20.4,75.1,54.6,7.0,5.9,8.4,6.8
GHCND:USW00014880,CHICAGO WAUKEGAN REGIONAL AIRPORT IL US,20100614,65.3,20.3,75.4,55.1,7.0,5.8,8.3,6.7
GHCND:USW00014880,CHICAGO WAUKEGAN REGIONAL AIRPORT IL US,20100615,65.6,20.2,75.8,55.5,7.0,5.8,8.3,6.7
GHCND:USW00014880,CHICAGO WAUKEGAN REGIONAL AIRPORT IL US,20100616,66.0,20.1,76.1,56.0,6.9,5.7,8.2,6.7
GHCND:USW00014880,CHICAGO WAUKEGAN REGIONAL AIRPORT IL US,20100617,66.4,20.0,76.4,56.4,6.9,5.7,8.1,6.7
GHCND:USW00014880,CHICAGO WAUKEGAN REGIONAL AIRPORT IL US,20100618,66.8,19.9,76.8,56.8,6.8,5.6,8.0,6.7
GHCND:USW00014880,CHICAGO WAUKEGAN REGIONAL AIRPORT IL US,20100619,67.2,19.8,77.1,57.3,6.8,5.6,8.0,6.6
GHCND:USW00014880,CHICAGO WAUKEGAN REGIONAL AIRPORT IL US,20100620,67.5,19.7,77.4,57.7,6.7,5.5,7.9,6.6
GHCND:USW00014880,CHICAGO WAUKEGAN REGIONAL AIRPORT IL US,20100621,67.9,19.6,77.7,58.1,6.7,5.5,7.8,6.6
GHCND:USW00014880,CHICAGO WAUKEGAN REGIONAL AIRPORT IL US,20100622,68.2,19.5,78.0,58.5,6.6,5.5,7.7,6.5
GHCND:USW00014880,CHICAGO WAUKEGAN REGIONAL AIRPORT IL US,20100623,68.5,19.4,78.2,58.8,6.6,5.4,7.6,6.5
GHCND:USW00014880,CHICAGO WAUKEGAN REGIONAL AIRPORT IL US,20100624,68.8,19.3,78.5,59.2,6.5,5.4,7.5,6.5
GHCND:USW00014880,CHICAGO WAUKEGAN REGIONAL AIRPORT IL US,20100625,69.1,19.2,78.8,59.5,6.4,5.4,7.4,6.5
GHCND:USW00014880,CHICAGO WAUKEGAN REGIONAL AIRPORT IL US,20100626,69.4,19.1,79.0,59.9,6.4,5.3,7.3,6.4
GHCND:USW00014880,CHICAGO WAUKEGAN REGIONAL AIRPORT IL US,20100627,69.7,19.0,79.2,60.2,6.3,5.3,7.2,6.4
GHCND:USW00014880,CHICAGO WAUKEGAN REGIONAL AIRPORT IL US,20100628,69.9,18.9,79.4,60.5,6.2,5.3,7.2,6.3
GHCND:USW00014880,CHICAGO WAUKEGAN REGIONAL AIRPORT IL US,20100629,70.2,18.8,79.6,60.7,6.2,5.2,7.1,6.3
GHCND:USW00014880,CHICAGO WAUKEGAN REGIONAL AIRPORT IL US,20100630,70.4,18.8,79.8,61.0,6.1,5.2,7.0,6.2
GHCND:USW00014880,CHICAGO WAUKEGAN REGIONAL AIRPORT IL US,20100701,70.6,18.7,79.9,61.2,6.1,5.2,6.9,6.2
GHCND:USW00014880,CHICAGO WAUKEGAN REGIONAL AIRPORT IL US,20100702,70.8,18.6,80.1,61.5,6.0,5.1,6.9,6.2
GHCND:USW00014880,CHICAGO WAUKEGAN REGIONAL AIRPORT IL US,20100703,70.9,18.5,80.2,61.7,6.0,5.1,6.8,6.1
GHCND:USW00014880,CHICAGO WAUKEGAN REGIONAL AIRPORT IL US,20100704,71.1,18.5,80.3,61.8,5.9,5.1,6.8,6.1
GHCND:USW00014880,CHICAGO WAUKEGAN REGIONAL AIRPORT IL US,20100705,71.2,18.4,80.4,62.0,5.9,5.0,6.7,6.1
GHCND:USW00014880,CHICAGO WAUKEGAN REGIONAL AIRPORT IL US,20100706,71.3,18.3,80.5,62.1,5.9,5.0,6.7,6.1
GHCND:USW00014880,CHICAGO WAUKEGAN REGIONAL AIRPORT IL US,20100707,71.4,18.3,80.5,62.2,5.9,4.9,6.7,6.1
GHCND:USW00014880,CHICAGO WAUKEGAN REGIONAL AIRPORT IL US,20100708,71.5,18.2,80.6,62.4,5.9,4.9,6.6,6.1
GHCND:USW00014880,CHICAGO WAUKEGAN REGIONAL AIRPORT IL US,20100709,71.5,18.2,80.6,62.4,5.9,4.9,6.6,6.0
GHCND:USW00014880,CHICAGO WAUKEGAN REGIONAL AIRPORT IL US,20100710,71.6,18.1,80.6,62.5,5.8,4.9,6.6,6.0
GHCND:USW00014880,CHICAGO WAUKEGAN REGIONAL AIRPORT IL US,20100711,71.6,18.1,80.6,62.6,5.8,4.9,6.6,6.0
GHCND:USW00014880,CHICAGO WAUKEGAN REGIONAL AIRPORT IL US,20100712,71.6,18.1,80.6,62.6,5.8,4.8,6.6,6.0
GHCND:USW00014880,CHICAGO WAUKEGAN REGIONAL AIRPORT IL US,20100713,71.6,18.0,80.6,62.6,5.8,4.8,6.5,6.0
GHCND:USW00014880,CHICAGO WAUKEGAN REGIONAL AIRPORT IL US,20100714,71.6,18.0,80.6,62.6,5.8,4.8,6.5,6.0
GHCND:USW00014880,CHICAGO WAUKEGAN REGIONAL AIRPORT IL US,20100715,71.6,18.0,80.6,62.6,5.7,4.8,6.5,5.9
GHCND:USW00014880,CHICAGO WAUKEGAN REGIONAL AIRPORT IL US,20100716,71.6,18.0,80.6,62.6,5.7,4.8,6.5,5.9
GHCND:USW00014880,CHICAGO WAUKEGAN REGIONAL AIRPORT IL US,20100717,71.5,17.9,80.5,62.6,5.7,4.8,6.4,5.9
GHCND:USW00014880,CHICAGO WAUKEGAN REGIONAL AIRPORT IL US,20100718,71.5,17.9,80.5,62.5,5.7,4.8,6.4,5.9
GHCND:USW00014880,CHICAGO WAUKEGAN REGIONAL AIRPORT IL US,20100719,71.5,17.9,80.4,62.5,5.7,4.8,6.4,5.9
GHCND:USW00014880,CHICAGO WAUKEGAN REGIONAL AIRPORT IL US,20100720,71.4,17.9,80.4,62.4,5.7,4.8,6.4,5.9
GHCND:USW00014880,CHICAGO WAUKEGAN REGIONAL AIRPORT IL US,20100721,71.3,17.9,80.3,62.4,5.6,4.8,6.4,5.9
GHCND:USW00014880,CHICAGO WAUKEGAN REGIONAL AIRPORT IL US,20100722,71.3,17.9,80.3,62.3,5.6,4.8,6.4,5.9
GHCND:USW00014880,CHICAGO WAUKEGAN REGIONAL AIRPORT IL US,20100723,71.2,17.9,80.2,62.3,5.7,4.8,6.4,5.8
GHCND:USW00014880,CHICAGO WAUKEGAN REGIONAL AIRPORT IL US,20100724,71.2,17.9,80.1,62.2,5.7,4.7,6.4,5.8
GHCND:USW00014880,CHICAGO WAUKEGAN REGIONAL AIRPORT IL US,20100725,71.1,17.9,80.1,62.1,5.7,4.7,6.4,5.9
GHCND:USW00014880,CHICAGO WAUKEGAN REGIONAL AIRPORT IL US,20100726,71.0,17.9,80.0,62.1,5.7,4.7,6.4,5.9
GHCND:USW00014880,CHICAGO WAUKEGAN REGIONAL AIRPORT IL US,20100727,71.0,18.0,80.0,62.0,5.7,4.7,6.4,5.9
GHCND:USW00014880,CHICAGO WAUKEGAN REGIONAL AIRPORT IL US,20100728,70.9,18.0,79.9,61.9,5.7,4.7,6.4,5.9
GHCND:USW00014880,CHICAGO WAUKEGAN REGIONAL AIRPORT IL US,20100729,70.9,18.0,79.9,61.9,5.7,4.7,6.4,5.9
GHCND:USW00014880,CHICAGO WAUKEGAN REGIONAL AIRPORT IL US,20100730,70.8,18.0,79.8,61.8,5.7,4.7,6.4,5.9
GHCND:USW00014880,CHICAGO WAUKEGAN REGIONAL AIRPORT IL US,20100731,70.8,18.0,79.8,61.8,5.7,4.7,6.4,5.9
GHCND:USW00014880,CHICAGO WAUKEGAN REGIONAL AIRPORT IL US,20100801,70.7,18.0,79.7,61.7,5.7,4.7,6.4,5.9
GHCND:USW00014880,CHICAGO WAUKEGAN REGIONAL AIRPORT IL US,20100802,70.7,18.0,79.7,61.7,5.7,4.8,6.4,5.9
GHCND:USW00014880,CHICAGO WAUKEGAN REGIONAL AIRPORT IL US,20100803,70.6,18.1,79.7,61.6,5.7,4.8,6.4,5.9
GHCND:USW00014880,CHICAGO WAUKEGAN REGIONAL AIRPORT IL US,20100804,70.6,18.1,79.6,61.6,5.7,4.9,6.4,5.9
GHCND:USW00014880,CHICAGO WAUKEGAN REGIONAL AIRPORT IL US,20100805,70.6,18.1,79.6,61.5,5.6,4.9,6.4,5.9
GHCND:USW00014880,CHICAGO WAUKEGAN REGIONAL AIRPORT IL US,20100806,70.5,18.1,79.6,61.5,5.6,4.9,6.3,5.9
GHCND:USW00014880,CHICAGO WAUKEGAN REGIONAL AIRPORT IL US,20100807,70.5,18.1,79.6,61.4,5.6,5.0,6.3,5.8
GHCND:USW00014880,CHICAGO WAUKEGAN REGIONAL AIRPORT IL US,20100808,70.5,18.1,79.5,61.4,5.5,5.0,6.3,5.8
GHCND:USW00014880,CHICAGO WAUKEGAN REGIONAL AIRPORT IL US,20100809,70.4,18.1,79.5,61.4,5.5,5.1,6.3,5.8
GHCND:USW00014880,CHICAGO WAUKEGAN REGIONAL AIRPORT IL US,20100810,70.4,18.2,79.5,61.3,5.4,5.1,6.3,5.7
GHCND:USW00014880,CHICAGO WAUKEGAN REGIONAL AIRPORT IL US,20100811,70.4,18.2,79.5,61.3,5.4,5.1,6.3,5.7
GHCND:USW00014880,CHICAGO WAUKEGAN REGIONAL AIRPORT IL US,20100812,70.4,18.2,79.4,61.3,5.4,5.2,6.2,5.7
GHCND:USW00014880,CHICAGO WAUKEGAN REGIONAL AIRPORT IL US,20100813,70.3,18.2,79.4,61.2,5.4,5.2,6.2,5.7
GHCND:USW00014880,CHICAGO WAUKEGAN REGIONAL AIRPORT IL US,20100814,70.3,18.2,79.4,61.2,5.4,5.3,6.3,5.7
GHCND:USW00014880,CHICAGO WAUKEGAN REGIONAL AIRPORT IL US,20100815,70.2,18.2,79.3,61.1,5.4,5.3,6.3,5.7
GHCND:USW00014880,CHICAGO WAUKEGAN REGIONAL AIRPORT IL US,20100816,70.2,18.2,79.3,61.1,5.4,5.3,6.3,5.7
GHCND:USW00014880,CHICAGO WAUKEGAN REGIONAL AIRPORT IL US,20100817,70.1,18.2,79.2,61.0,5.4,5.4,6.3,5.7
GHCND:USW00014880,CHICAGO WAUKEGAN REGIONAL AIRPORT IL US,20100818,70.1,18.2,79.2,60.9,5.4,5.4,6.3,5.7
GHCND:USW00014880,CHICAGO WAUKEGAN REGIONAL AIRPORT IL US,20100819,70.0,18.2,79.1,60.9,5.4,5.4,6.3,5.7
GHCND:USW00014880,CHICAGO WAUKEGAN REGIONAL AIRPORT IL US,20100820,69.9,18.3,79.0,60.8,5.4,5.4,6.3,5.7
GHCND:USW00014880,CHICAGO WAUKEGAN REGIONAL AIRPORT IL US,20100821,69.8,18.3,78.9,60.7,5.4,5.4,6.3,5.7
GHCND:USW00014880,CHICAGO WAUKEGAN REGIONAL AIRPORT IL US,20100822,69.7,18.3,78.8,60.6,5.4,5.5,6.4,5.7
GHCND:USW00014880,CHICAGO WAUKEGAN REGIONAL AIRPORT IL US,20100823,69.6,18.3,78.7,60.4,5.4,5.5,6.4,5.8
GHCND:USW00014880,CHICAGO WAUKEGAN REGIONAL AIRPORT IL US,20100824,69.4,18.3,78.6,60.3,5.4,5.6,6.4,5.8
GHCND:USW00014880,CHICAGO WAUKEGAN REGIONAL AIRPORT IL US,20100825,69.3,18.3,78.4,60.1,5.5,5.6,6.4,5.8
GHCND:USW00014880,CHICAGO WAUKEGAN REGIONAL AIRPORT IL US,20100826,69.1,18.3,78.3,60.0,5.5,5.6,6.5,5.9
GHCND:USW00014880,CHICAGO WAUKEGAN REGIONAL AIRPORT IL US,20100827,68.9,18.3,78.1,59.8,5.5,5.6,6.5,5.9
GHCND:USW00014880,CHICAGO WAUKEGAN REGIONAL AIRPORT IL US,20100828,68.7,18.3,77.9,59.6,5.5,5.7,6.5,5.9
GHCND:USW00014880,CHICAGO WAUKEGAN REGIONAL AIRPORT IL US,20100829,68.5,18.3,77.7,59.4,5.6,5.7,6.5,5.9
GHCND:USW00014880,CHICAGO WAUKEGAN REGIONAL AIRPORT IL US,20100830,68.3,18.3,77.5,59.2,5.6,5.7,6.5,6.0
GHCND:USW00014880,CHICAGO WAUKEGAN REGIONAL AIRPORT IL US,20100831,68.1,18.3,77.2,58.9,5.6,5.7,6.6,6.0
GHCND:USW00014880,CHICAGO WAUKEGAN REGIONAL AIRPORT IL US,20100901,67.8,18.3,76.9,58.6,5.7,5.7,6.6,6.0
GHCND:USW00014880,CHICAGO WAUKEGAN REGIONAL AIRPORT IL US,20100902,67.5,18.3,76.7,58.4,5.7,5.7,6.7,6.1
GHCND:USW00014880,CHICAGO WAUKEGAN REGIONAL AIRPORT IL US,20100903,67.2,18.3,76.4,58.1,5.8,5.7,6.7,6.1
GHCND:USW00014880,CHICAGO WAUKEGAN REGIONAL AIRPORT IL US,20100904,66.9,18.3,76.1,57.8,5.8,5.8,6.8,6.2
GHCND:USW00014880,CHICAGO WAUKEGAN REGIONAL AIRPORT IL US,20100905,66.6,18.3,75.7,57.4,5.9,5.8,6.8,6.3
GHCND:USW00014880,CHICAGO WAUKEGAN REGIONAL AIRPORT IL US,20100906,66.2,18.3,75.4,57.1,5.9,5.8,6.9,6.3
GHCND:USW00014880,CHICAGO WAUKEGAN REGIONAL AIRPORT IL US,20100907,65.9,18.3,75.0,56.7,6.0,5.8,6.9,6.4
GHCND:USW00014880,CHICAGO WAUKEGAN REGIONAL AIRPORT IL US,20100908,65.5,18.3,74.7,56.4,6.0,5.8,7.0,6.4
GHCND:USW00014880,CHICAGO WAUKEGAN REGIONAL AIRPORT IL US,20100909,65.1,18.3,74.3,56.0,6.1,5.8,7.0,6.4
GHCND:USW00014880,CHICAGO WAUKEGAN REGIONAL AIRPORT IL US,20100910,64.7,18.3,73.9,55.6,6.1,5.8,7.1,6.5
GHCND:USW00014880,CHICAGO WAUKEGAN REGIONAL AIRPORT IL US,20100911,64.3,18.3,73.5,55.2,6.2,5.8,7.1,6.5
GHCND:USW00014880,CHICAGO WAUKEGAN REGIONAL AIRPORT IL US,20100912,63.9,18.3,73.1,54.8,6.3,5.8,7.2,6.6
GHCND:USW00014880,CHICAGO WAUKEGAN REGIONAL AIRPORT IL US,20100913,63.5,18.3,72.6,54.3,6.4,5.8,7.3,6.7
GHCND:USW00014880,CHICAGO WAUKEGAN REGIONAL AIRPORT IL US,20100914,63.1,18.3,72.2,53.9,6.5,5.8,7.4,6.8
GHCND:USW00014880,CHICAGO WAUKEGAN REGIONAL AIRPORT IL US,20100915,62.6,18.3,71.8,53.5,6.5,5.9,7.4,6.9
GHCND:USW00014880,CHICAGO WAUKEGAN REGIONAL AIRPORT IL US,20100916,62.2,18.3,71.3,53.0,6.6,5.9,7.5,7.0
GHCND:USW00014880,CHICAGO WAUKEGAN REGIONAL AIRPORT IL US,20100917,61.7,18.3,70.9,52.6,6.7,5.9,7.6,7.1
GHCND:USW00014880,CHICAGO WAUKEGAN REGIONAL AIRPORT IL US,20100918,61.3,18.3,70.4,52.1,6.8,6.0,7.7,7.2
GHCND:USW00014880,CHICAGO WAUKEGAN REGIONAL AIRPORT IL US,20100919,60.8,18.3,70.0,51.7,6.9,6.0,7.8,7.2
GHCND:USW00014880,CHICAGO WAUKEGAN REGIONAL AIRPORT IL US,20100920,60.4,18.3,69.5,51.2,7.0,6.0,7.9,7.3
GHCND:USW00014880,CHICAGO WAUKEGAN REGIONAL AIRPORT IL US,20100921,59.9,18.3,69.1,50.8,7.1,6.1,8.0,7.4
GHCND:USW00014880,CHICAGO WAUKEGAN REGIONAL AIRPORT IL US,20100922,59.5,18.3,68.7,50.3,7.2,6.1,8.1,7.4
GHCND:USW00014880,CHICAGO WAUKEGAN REGIONAL AIRPORT IL US,20100923,59.1,18.3,68.2,49.9,7.3,6.1,8.3,7.5
GHCND:USW00014880,CHICAGO WAUKEGAN REGIONAL AIRPORT IL US,20100924,58.6,18.3,67.8,49.5,7.4,6.2,8.4,7.6
GHCND:USW00014880,CHICAGO WAUKEGAN REGIONAL AIRPORT IL US,20100925,58.2,18.3,67.3,49.0,7.5,6.2,8.5,7.7
GHCND:USW00014880,CHICAGO WAUKEGAN REGIONAL AIRPORT IL US,20100926,57.8,18.3,66.9,48.6,7.5,6.3,8.6,7.7
GHCND:USW00014880,CHICAGO WAUKEGAN REGIONAL AIRPORT IL US,20100927,57.4,18.3,66.5,48.2,7.6,6.3,8.7,7.8
GHCND:USW00014880,CHICAGO WAUKEGAN REGIONAL AIRPORT IL US,20100928,56.9,18.3,66.1,47.8,7.7,6.4,8.8,7.8
GHCND:USW00014880,CHICAGO WAUKEGAN REGIONAL AIRPORT IL US,20100929,56.5,18.3,65.7,47.4,7.7,6.4,8.9,7.8
GHCND:USW00014880,CHICAGO WAUKEGAN REGIONAL AIRPORT IL US,20100930,56.2,18.2,65.3,47.0,7.8,6.5,9.0,7.9
GHCND:USW00014880,CHICAGO WAUKEGAN REGIONAL AIRPORT IL US,20101001,55.8,18.2,64.9,46.7,7.8,6.5,9.0,7.9
GHCND:USW00014880,CHICAGO WAUKEGAN REGIONAL AIRPORT IL US,20101002,55.4,18.2,64.5,46.3,7.9,6.5,9.1,7.9
GHCND:USW00014880,CHICAGO WAUKEGAN REGIONAL AIRPORT IL US,20101003,55.0,18.2,64.1,45.9,7.9,6.5,9.1,7.9
GHCND:USW00014880,CHICAGO WAUKEGAN REGIONAL AIRPORT IL US,20101004,54.7,18.2,63.8,45.6,7.9,6.6,9.2,7.9
GHCND:USW00014880,CHICAGO WAUKEGAN REGIONAL AIRPORT IL US,20101005,54.3,18.2,63.4,45.3,7.9,6.6,9.2,8.0
GHCND:USW00014880,CHICAGO WAUKEGAN REGIONAL AIRPORT IL US,20101006,54.0,18.1,63.1,44.9,8.0,6.6,9.2,8.0
GHCND:USW00014880,CHICAGO WAUKEGAN REGIONAL AIRPORT IL US,20101007,53.7,18.1,62.7,44.6,8.0,6.6,9.3,8.0
GHCND:USW00014880,CHICAGO WAUKEGAN REGIONAL AIRPORT IL US,20101008,53.4,18.1,62.4,44.3,8.0,6.7,9.3,8.0
GHCND:USW00014880,CHICAGO WAUKEGAN REGIONAL AIRPORT IL US,20101009,53.1,18.1,62.1,44.0,8.0,6.7,9.3,8.1
GHCND:USW00014880,CHICAGO WAUKEGAN REGIONAL AIRPORT IL US,20101010,52.8,18.0,61.8,43.7,8.0,6.7,9.3,8.1
GHCND:USW00014880,CHICAGO WAUKEGAN REGIONAL AIRPORT IL US,20101011,52.5,18.0,61.5,43.5,8.0,6.8,9.3,8.1
GHCND:USW00014880,CHICAGO WAUKEGAN REGIONAL AIRPORT IL US,20101012,52.2,18.0,61.2,43.2,8.0,6.8,9.4,8.1
GHCND:USW00014880,CHICAGO WAUKEGAN REGIONAL AIRPORT IL US,20101013,51.9,17.9,60.9,42.9,8.0,6.9,9.4,8.1
GHCND:USW00014880,CHICAGO WAUKEGAN REGIONAL AIRPORT IL US,20101014,51.6,17.9,60.5,42.7,8.0,6.9,9.4,8.1
GHCND:USW00014880,CHICAGO WAUKEGAN REGIONAL AIRPORT IL US,20101015,51.3,17.8,60.2,42.4,8.0,6.9,9.3,8.1
GHCND:USW00014880,CHICAGO WAUKEGAN REGIONAL AIRPORT IL US,20101016,51.0,17.8,59.9,42.1,8.0,6.9,9.3,8.0
GHCND:USW00014880,CHICAGO WAUKEGAN REGIONAL AIRPORT IL US,20101017,50.8,17.8,59.6,41.9,8.0,7.0,9.3,8.0
GHCND:USW00014880,CHICAGO WAUKEGAN REGIONAL AIRPORT IL US,20101018,50.5,17.7,59.3,41.6,7.9,7.0,9.3,8.0
GHCND:USW00014880,CHICAGO WAUKEGAN REGIONAL AIRPORT IL US,20101019,50.2,17.7,59.0,41.4,7.9,7.0,9.3,8.0
GHCND:USW00014880,CHICAGO WAUKEGAN REGIONAL AIRPORT IL US,20101020,49.9,17.6,58.7,41.1,7.9,7.0,9.2,8.0
GHCND:USW00014880,CHICAGO WAUKEGAN REGIONAL AIRPORT IL US,20101021,49.6,17.5,58.4,40.9,7.8,7.0,9.2,8.0
GHCND:USW00014880,CHICAGO WAUKEGAN REGIONAL AIRPORT IL US,20101022,49.3,17.5,58.1,40.6,7.8,7.0,9.2,7.9
GHCND:USW00014880,CHICAGO WAUKEGAN REGIONAL AIRPORT IL US,20101023,49.0,17.4,57.7,40.3,7.8,7.0,9.1,7.9
GHCND:USW00014880,CHICAGO WAUKEGAN REGIONAL AIRPORT IL US,20101024,48.7,17.3,57.4,40.1,7.8,7.0,9.1,7.9
GHCND:USW00014880,CHICAGO WAUKEGAN REGIONAL AIRPORT IL US,20101025,48.4,17.3,57.1,39.8,7.7,7.0,9.1,7.9
GHCND:USW00014880,CHICAGO WAUKEGAN REGIONAL AIRPORT IL US,20101026,48.1,17.2,56.7,39.5,7.7,7.0,9.0,7.9
GHCND:USW00014880,CHICAGO WAUKEGAN REGIONAL AIRPORT IL US,20101027,47.8,17.1,56.3,39.2,7.7,7.0,9.0,7.9
GHCND:USW00014880,CHICAGO WAUKEGAN REGIONAL AIRPORT IL US,20101028,47.4,17.1,55.9,38.9,7.7,7.0,9.0,7.9
GHCND:USW00014880,CHICAGO WAUKEGAN REGIONAL AIRPORT IL US,20101029,47.1,17.0,55.6,38.6,7.7,7.0,9.0,8.0
GHCND:USW00014880,CHICAGO WAUKEGAN REGIONAL AIRPORT IL US,20101030,46.7,16.9,55.1,38.2,7.8,7.0,9.0,8.0
GHCND:USW00014880,CHICAGO WAUKEGAN REGIONAL AIRPORT IL US,20101031,46.3,16.8,54.7,37.9,7.8,7.0,9.0,8.0
GHCND:USW00014880,CHICAGO WAUKEGAN REGIONAL AIRPORT IL US,20101101,45.9,16.7,54.3,37.6,7.8,7.0,9.0,8.1
GHCND:USW00014880,CHICAGO WAUKEGAN REGIONAL AIRPORT IL US,20101102,45.5,16.6,53.8,37.2,7.9,7.0,9.0,8.1
GHCND:USW00014880,CHICAGO WAUKEGAN REGIONAL AIRPORT IL US,20101103,45.1,16.5,53.4,36.8,7.9,7.0,9.1,8.1
GHCND:USW00014880,CHICAGO WAUKEGAN REGIONAL AIRPORT IL US,20101104,44.7,16.4,52.9,36.5,7.9,6.9,9.1,8.2
GHCND:USW00014880,CHICAGO WAUKEGAN REGIONAL AIRPORT IL US,20101105,44.2,16.3,52.4,36.1,8.0,6.9,9.1,8.2
GHCND:USW00014880,CHICAGO WAUKEGAN REGIONAL AIRPORT IL US,20101106,43.8,16.3,51.9,35.7,8.0,6.9,9.1,8.3
GHCND:USW00014880,CHICAGO WAUKEGAN REGIONAL AIRPORT IL US,20101107,43.3,16.2,51.4,35.3,8.0,6.8,9.1,8.3
GHCND:USW00014880,CHICAGO WAUKEGAN REGIONAL AIRPORT IL US,20101108,42.9,16.1,50.9,34.8,8.1,6.8,9.2,8.4
GHCND:USW00014880,CHICAGO WAUKEGAN REGIONAL AIRPORT IL US,20101109,42.4,15.9,50.4,34.4,8.1,6.8,9.2,8.4
GHCND:USW00014880,CHICAGO WAUKEGAN REGIONAL AIRPORT IL US,20101110,41.9,15.8,49.8,34.0,8.2,6.7,9.2,8.4
GHCND:USW00014880,CHICAGO WAUKEGAN REGIONAL AIRPORT IL US,20101111,41.4,15.7,49.3,33.5,8.2,6.7,9.2,8.4
GHCND:USW00014880,CHICAGO WAUKEGAN REGIONAL AIRPORT IL US,20101112,40.9,15.6,48.7,33.1,8.2,6.6,9.2,8.5
GHCND:USW00014880,CHICAGO WAUKEGAN REGIONAL AIRPORT IL US,20101113,40.4,15.5,48.2,32.6,8.2,6.6,9.2,8.5
GHCND:USW00014880,CHICAGO WAUKEGAN REGIONAL AIRPORT IL US,20101114,39.9,15.4,47.6,32.2,8.3,6.5,9.2,8.5
GHCND:USW00014880,CHICAGO WAUKEGAN REGIONAL AIRPORT IL US,20101115,39.4,15.3,47.0,31.7,8.3,6.5,9.3,8.6
GHCND:USW00014880,CHICAGO WAUKEGAN REGIONAL AIRPORT IL US,20101116,38.8,15.2,46.5,31.2,8.4,6.4,9.3,8.7
GHCND:USW00014880,CHICAGO WAUKEGAN REGIONAL AIRPORT IL US,20101117,38.3,15.1,45.9,30.8,8.4,6.4,9.3,8.7
GHCND:USW00014880,CHICAGO WAUKEGAN REGIONAL AIRPORT IL US,20101118,37.8,15.0,45.3,30.3,8.5,6.3,9.3,8.8
GHCND:USW00014880,CHICAGO WAUKEGAN REGIONAL AIRPORT IL US,20101119,37.3,14.9,44.7,29.8,8.6,6.3,9.3,8.9
GHCND:USW00014880,CHICAGO WAUKEGAN REGIONAL AIRPORT IL US,20101120,36.8,14.8,44.2,29.4,8.6,6.3,9.3,9.0
GHCND:USW00014880,CHICAGO WAUKEGAN REGIONAL AIRPORT IL US,20101121,36.3,14.7,43.6,28.9,8.7,6.2,9.3,9.1
GHCND:USW00014880,CHICAGO WAUKEGAN REGIONAL AIRPORT IL US,20101122,35.8,14.6,43.1,28.4,8.8,6.2,9.4,9.2
GHCND:USW00014880,CHICAGO WAUKEGAN REGIONAL AIRPORT IL US,20101123,35.2,14.5,42.5,28.0,8.8,6.2,9.4,9.3
GHCND:USW00014880,CHICAGO WAUKEGAN REGIONAL AIRPORT IL US,20101124,34.8,14.4,42.0,27.5,8.9,6.2,9.4,9.4
GHCND:USW00014880,CHICAGO WAUKEGAN REGIONAL AIRPORT IL US,20101125,34.3,14.4,41.4,27.1,9.0,6.1,9.4,9.5
GHCND:USW00014880,CHICAGO WAUKEGAN REGIONAL AIRPORT IL US,20101126,33.8,14.3,40.9,26.7,9.1,6.1,9.4,9.7
GHCND:USW00014880,CHICAGO WAUKEGAN REGIONAL AIRPORT IL US,20101127,33.3,14.2,40.4,26.2,9.2,6.1,9.5,9.8
GHCND:USW00014880,CHICAGO WAUKEGAN REGIONAL AIRPORT IL US,20101128,32.9,14.1,39.9,25.8,9.2,6.1,9.5,9.9
GHCND:USW00014880,CHICAGO WAUKEGAN REGIONAL AIRPORT IL US,20101129,32.4,14.1,39.5,25.4,9.3,6.1,9.5,10.0
GHCND:USW00014880,CHICAGO WAUKEGAN REGIONAL AIRPORT IL US,20101130,32.0,14.0,39.0,25.0,9.3,6.1,9.5,10.1
GHCND:USW00014880,CHICAGO WAUKEGAN REGIONAL AIRPORT IL US,20101201,31.6,13.9,38.6,24.6,9.4,6.1,9.5,10.2
GHCND:USW00014880,CHICAGO WAUKEGAN REGIONAL AIRPORT IL US,20101202,31.2,13.9,38.1,24.2,9.5,6.1,9.5,10.3
GHCND:USW00014880,CHICAGO WAUKEGAN REGIONAL AIRPORT IL US,20101203,30.8,13.8,37.7,23.9,9.6,6.1,9.6,10.4
GHCND:USW00014880,CHICAGO WAUKEGAN REGIONAL AIRPORT IL US,20101204,30.4,13.8,37.3,23.5,9.6,6.1,9.6,10.5
GHCND:USW00014880,CHICAGO WAUKEGAN REGIONAL AIRPORT IL US,20101205,30.1,13.8,36.9,23.2,9.7,6.1,9.6,10.6
GHCND:USW00014880,CHICAGO WAUKEGAN REGIONAL AIRPORT IL US,20101206,29.7,13.7,36.6,22.9,9.8,6.1,9.7,10.7
GHCND:USW00014880,CHICAGO WAUKEGAN REGIONAL AIRPORT IL US,20101207,29.4,13.7,36.2,22.6,9.8,6.2,9.7,10.8
GHCND:USW00014880,CHICAGO WAUKEGAN REGIONAL AIRPORT IL US,20101208,29.1,13.7,35.9,22.2,9.9,6.2,9.7,10.9
GHCND:USW00014880,CHICAGO WAUKEGAN REGIONAL AIRPORT IL US,20101209,28.8,13.7,35.6,22.0,9.9,6.2,9.8,11.0
GHCND:USW00014880,CHICAGO WAUKEGAN REGIONAL AIRPORT IL US,20101210,28.5,13.6,35.3,21.7,10.0,6.2,9.8,11.1
GHCND:USW00014880,CHICAGO WAUKEGAN REGIONAL AIRPORT IL US,20101211,28.2,13.6,35.1,21.4,10.1,6.2,9.9,11.2
GHCND:USW00014880,CHICAGO WAUKEGAN REGIONAL AIRPORT IL US,20101212,28.0,13.6,34.8,21.1,10.1,6.3,9.9,11.3
GHCND:USW00014880,CHICAGO WAUKEGAN REGIONAL AIRPORT IL US,20101213,27.7,13.7,34.6,20.9,10.2,6.3,9.9,11.4
GHCND:USW00014880,CHICAGO WAUKEGAN REGIONAL AIRPORT IL US,20101214,27.5,13.7,34.3,20.7,10.2,6.3,10.0,11.4
GHCND:USW00014880,CHICAGO WAUKEGAN REGIONAL AIRPORT IL US,20101215,27.3,13.7,34.1,20.4,10.3,6.3,10.0,11.5
GHCND:USW00014880,CHICAGO WAUKEGAN REGIONAL AIRPORT IL US,20101216,27.1,13.7,33.9,20.2,10.3,6.4,10.0,11.5
GHCND:USW00014880,CHICAGO WAUKEGAN REGIONAL AIRPORT IL US,20101217,26.9,13.7,33.7,20.0,10.3,6.4,10.1,11.5
GHCND:USW00014880,CHICAGO WAUKEGAN REGIONAL AIRPORT IL US,20101218,26.7,13.8,33.6,19.8,10.3,6.4,10.1,11.5
GHCND:USW00014880,CHICAGO WAUKEGAN REGIONAL AIRPORT IL US,20101219,26.5,13.8,33.4,19.6,10.3,6.4,10.1,11.5
GHCND:USW00014880,CHICAGO WAUKEGAN REGIONAL AIRPORT IL US,20101220,26.3,13.9,33.2,19.4,10.3,6.4,10.1,11.5
GHCND:USW00014880,CHICAGO WAUKEGAN REGIONAL AIRPORT IL US,20101221,26.1,13.9,33.1,19.2,10.3,6.3,10.1,11.4
GHCND:USW00014880,CHICAGO WAUKEGAN REGIONAL AIRPORT IL US,20101222,26.0,14.0,33.0,19.0,10.3,6.3,10.2,11.4
GHCND:USW00014880,CHICAGO WAUKEGAN REGIONAL AIRPORT IL US,20101223,25.8,14.0,32.8,18.8,10.3,6.3,10.2,11.4
GHCND:USW00014880,CHICAGO WAUKEGAN REGIONAL AIRPORT IL US,20101224,25.7,14.1,32.7,18.6,10.3,6.3,10.2,11.4
GHCND:USW00014880,CHICAGO WAUKEGAN REGIONAL AIRPORT IL US,20101225,25.5,14.1,32.6,18.5,10.3,6.3,10.2,11.4
GHCND:USW00014880,CHICAGO WAUKEGAN REGIONAL AIRPORT IL US,20101226,25.4,14.2,32.5,18.3,10.3,6.3,10.2,11.3
GHCND:USW00014880,CHICAGO WAUKEGAN REGIONAL AIRPORT IL US,20101227,25.2,14.2,32.4,18.1,10.3,6.3,10.2,11.3
GHCND:USW00014880,CHICAGO WAUKEGAN REGIONAL AIRPORT IL US,20101228,25.1,14.3,32.2,17.9,10.3,6.2,10.2,11.3
GHCND:USW00014880,CHICAGO WAUKEGAN REGIONAL AIRPORT IL US,20101229,25.0,14.4,32.1,17.8,10.3,6.2,10.2,11.3
GHCND:USW00014880,CHICAGO WAUKEGAN REGIONAL AIRPORT IL US,20101230,24.8,14.4,32.0,17.6,10.2,6.2,10.1,11.2
GHCND:USW00014880,CHICAGO WAUKEGAN REGIONAL AIRPORT IL US,20101231,24.7,14.5,31.9,17.4,10.2,6.1,10.1,11.2
